text,subject,,,
It all begins today! I will see you at 11:00 A.M. for the swearing-in. THE MOVEMENT CONTINUES - THE WORK BEGINS!,Making America great again,,,Media
"Today we are not merely transferring power from one Administration to another, or from one party to another ‚Äì but we are transferring...",Making America great again,,,Official business
"power from Washington, D.C. and giving it back to you, the American People. #InaugurationDay",Making America great again,,,Jobs
"What truly matters is not which party controls our government, but whether our government is controlled by the people.",Making America great again,,,Foreign affairs
"January 20th 2017, will be remembered as the day the people became the rulers of this nation again.",Making America great again,,,Democratic party
"The forgotten men and women of our country will be forgotten no longer. From this moment on, it‚Äôs going to be #AmericaFirstüá∫üá∏",Making America great again,,,Russia
We will bring back our jobs. We will bring back our borders. We will bring back our wealth - and we will bring back our dreams!,Jobs,,,Fake news
"We will follow two simple rules: BUY AMERICAN &amp; HIRE AMERICAN!
#InaugurationDay #MAGAüá∫üá∏",Making America great again,,,Immigration ban
It is time to remember that...https://t.co/ZKyOiOor62,Making America great again,,,Health care
"So to all Americans, in every city near and far, small and large, from mountain to mountain...https://t.co/cZKkrGXLSi",Making America great again,,,Republican party
"TO ALL AMERICANSüá∫üá∏
https://t.co/D7Es6ie4fY",Making America great again,,,Foreign leader
"THANK YOU for another wonderful evening in Washington, D.C. TOGETHER, we will MAKE AMERICA GREAT AGAINüá∫üá∏ https://t.co/V3aoj9RUh4",Making America great again,,,2016 election
A fantastic day and evening in Washington D.C.Thank you to @FoxNews and so many other news outlets for the GREAT reviews of the speech!,Media,,,Making America great again
"RT @WhiteHouse: ""Do not allow anyone to tell you that it cannot be done. No challenge can match the HEART and FIGHT and SPIRIT of America.""‚Ä¶",Making America great again,,,
"Had a great meeting at CIA Headquarters yesterday, packed house, paid great respect to Wall, long standing ovations, amazing people. WIN!",Official business,,,
Watched protests yesterday but was under the impression that we just had an election! Why didn't these people vote? Celebs hurt cause badly.,2016 election,,,
"Wow, television ratings just out: 31 million people watched the Inauguration, 11 million more than the very good ratings from 4 years ago!",Media,,,
"Peaceful protests are a hallmark of our democracy. Even if I don't always agree, I recognize the rights of people to express their views.",Official business,,,
Busy week planned with a heavy focus on jobs and national security. Top executives coming in at 9:00 A.M. to talk manufacturing in America.,Official business,,,
Will be meeting at 9:00 with top automobile executives concerning jobs in America. I want new plants to be built here for cars sold here!,Jobs,,,
A photo delivered yesterday that will be displayed in the upper/lower press hall. Thank you Abbas! https://t.co/Uzp0ivvRp0,Media,,,
"Great meeting with automobile industry leaders at the @WhiteHouse this morning. Together, we will #MAGA! https://t.co/OXdiLOkGsZ",Jobs,,,
Signing orders to move forward with the construction of the Keystone XL and Dakota Access pipelines in the Oval Off‚Ä¶ https://t.co/aOxmfO0vOK,Official business,,,
Great meeting with Ford CEO Mark Fields and General Motors CEO Mary Barra at the @WhiteHouse today. https://t.co/T0eIgO6LP8,Jobs,,,
Congratulations to @FoxNews for being number one in inauguration ratings. They were many times higher than FAKE NEWS @CNN - public is smart!,Media,,,
"If Chicago doesn't fix the horrible ""carnage"" going on, 228 shootings in 2017 with 42 killings (up 24% from 2016), I will send in the Feds!",Official business,,,
"Big day planned on NATIONAL SECURITY tomorrow. Among many other things, we will build the wall!",Foreign affairs,,,
"I will be asking for a major investigation into VOTER FRAUD, including those registered to vote in two states, those who are illegal and....",2016 election,,,
"even, those registered to vote who are dead (and many for a long time). Depending on results, we will strengthen up voting procedures!",2016 election,,,
I will be making my Supreme Court pick on Thursday of next week.Thank you!,Official business,,,
I will be interviewed by @DavidMuir tonight at 10 o'clock on @ABC. Will be my first interview from the White House.‚Ä¶ https://t.co/4zuOrRdcoc,Media,,,
"Beginning today, the United States of America gets back control of its borders. Full speech from today @DHSgov:‚Ä¶ https://t.co/8aDaHsAhg9",Foreign affairs,,,
"As your President, I have no higher duty than to protect the lives of the American people. https://t.co/o7YNUNwb8f",Making America great again,,,
"""@romoabcnews: .@DavidMuir first @POTUS interview since taking office.  Tonight on @ABCWorldNews @ABC2020 tonight. https://t.co/I4Vz1mRdBK""",Media,,,Media
Interview with David Muir of @ABC News in 10 minutes. Enjoy!,Media,,,Official business
"Ungrateful TRAITOR Chelsea Manning, who should never have been released from prison, is now calling President Obama a weak leader. Terrible!",Official business,,,Jobs
The U.S. has a 60 billion dollar trade deficit with Mexico. It has been a one-sided deal from the beginning of NAFTA with massive numbers...,Foreign affairs,,,Foreign affairs
"of jobs and companies lost. If Mexico is unwilling to pay for the badly needed wall, then it would be better to cancel the upcoming meeting.",Foreign affairs,,,Democratic party
"Spoke at the Congressional @GOP Retreat in Philadelphia, PA. this afternoon w/ @VP, @SenateMajLdr, @SpeakerRyan. Th‚Ä¶ https://t.co/ALSADGrwoe",Official business,,,Russia
Will be interviewed by @SeanHannity on @FoxNews at 10:00pm tonight. Enjoy!,Media,,,Fake news
Miami-Dade Mayor drops sanctuary policy. Right decision. Strong! https://t.co/MtPvaDC4jM,Immigration ban,,,Immigration ban
"Look forward to seeing final results of VoteStand. Gregg Phillips and crew say at least 3,000,000 votes were illegal. We must do better!",2016 election,,,Health care
"Mexico has taken advantage of the U.S. for long enough. Massive trade deficits &amp; little help on the very weak border must change, NOW!",Foreign affairs,,,Republican party
The #MarchForLife is so important. To all of you marching --- you have my full support!,Official business,,,Foreign leader
.@VP Mike Pence will be speaking at today's #MarchForLife -- You have our full support! https://t.co/1jb53SEGV4,Official business,,,2016 election
Statement on International Holocaust Remembrance Day: https://t.co/KjU0MOxCHk,Official business,,,Making America great again
Congratulations Secretary Mattis! https://t.co/mkuhbegzqS,Official business,,,
I promise that our administration will ALWAYS have your back. We will ALWAYS be with you! https://t.co/D0aOWhOH4X,Making America great again,,,
"The failing @nytimes has been wrong about me from the very beginning. Said I would lose the primaries, then the general election. FAKE NEWS!",Fake news,,,
Thr coverage about me in the @nytimes and the @washingtonpost gas been so false and angry that the times actually apologized to its.....,Fake news,,,
"...dwindling subscribers and readers.They got me wrong right from the beginning and still have not changed course, and never will. DISHONEST",Fake news,,,
"Today, we remember the crew of the Space Shuttle Challenger, 31 years later. #NeverForget https://t.co/OhshQsFRfl",Official business,,,
Somebody with aptitude and conviction should buy the FAKE NEWS and failing @nytimes and either run it correctly or let it fold with dignity!,Fake news,,,
"Our country needs strong borders and extreme vetting, NOW. Look what is happening all over Europe and, indeed, the world - a horrible mess!",Immigration ban,,,
Christians in the Middle-East have been executed in large numbers. We cannot allow this horror to continue!,Foreign affairs,,,
The joint statement of former presidential candidates John McCain &amp; Lindsey Graham is wrong - they are sadly weak on immigration. The two...,Immigration ban,,,
"...Senators should focus their energies on ISIS, illegal immigration and border security instead of always looking to start World War III.",Immigration ban,,,
Statement Regarding Recent Executive Order Concerning Extreme Vetting: https://t.co/f6JO60I0Ul,Immigration ban,,,
I will be interviewed by @TheBrodyFile on @CBNNews tonight at 11pm. Enjoy!,Media,,,
"Only 109 people out of 325,000 were detained and held for questioning. Big problems at airports were caused by Delta computer outage,.....",Immigration ban,,,
protesters and the tears of Senator Schumer. Secretary Kelly said that all is going well with very few problems. MAKE AMERICA SAFE AGAIN!,Immigration ban,,,
There is nothing nice about searching for terrorists before they can enter our country. This was a big part of my campaign. Study the world!,Immigration ban,,,
"If the ban were announced with a one week notice, the ""bad"" would rush into our country during that week. A lot of bad ""dudes"" out there!",Immigration ban,,,
I have made my decision on who I will nominate for The United States Supreme Court. It will be announced live on Tuesday at 8:00 P.M. (W.H.),Official business,,,
Where was all the outrage from Democrats and the opposition party (the media) when our jobs were fleeing our country?,Democratic Party,,,
"The American dream is back. We‚Äôre going to create an environment for small business like we haven‚Äôt had in many, ma‚Ä¶ https://t.co/Bh7SrNEgz1",Making America great again,,,
The Democrats are delaying my cabinet picks for purely political reasons. They have nothing going but to obstruct. Now have an Obama A.G.,Democratic Party,,,
Nancy Pelosi and Fake Tears Chuck Schumer held a rally  at the steps of The Supreme Court and mic did not work (a mess)-just like Dem party!,Democratic Party,,,
When will the Democrats give us our Attorney General and rest of Cabinet! They should be ashamed of themselves! No wonder D.C. doesn't work!,Democratic Party,,,
Getting ready to deliver a VERY IMPORTANT DECISION!  8:00 P.M.,Official business,,,
"Join me live from the @WhiteHouse.
https://t.co/LHOs4nAaGl",Media,,,
"Hope you like my nomination of Judge Neil Gorsuch for the United States Supreme Court. He is a good and brilliant man, respected by all.",Official business,,,
"Everybody is arguing whether or not it is a BAN. Call it what you want, it is about keeping bad people (with bad intentions) out of country!",Immigration ban,,,
Iran is rapidly taking over more and more of Iraq even after the U.S. has squandered three trillion dollars there. Obvious long ago!,Foreign affairs,,,
Do you believe it? The Obama Administration agreed to take thousands of illegal immigrants from Australia. Why? I will study this dumb deal!,Foreign affairs,,,
If U.C. Berkeley does not allow free speech and practices violence on innocent people with a different point of view - NO FEDERAL FUNDS?,Official business,,,
Congratulations to Rex Tillerson on being sworn in as our new Secretary of State. He will be a star!,Official business,,,
Attending Chief Ryan Owens' Dignified Transfer yesterday with my daughter Ivanka was my great honor. To a great and brave man - thank you!,Official business,,,
Iran has been formally PUT ON NOTICE for firing a ballistic missile.Should have been thankful for the terrible deal the U.S. made with them!,Foreign affairs,,,
Iran was on its last legs and ready to collapse until the U.S. came along and gave it a life-line in the form of the Iran Deal: $150 billion,Foreign affairs,,,
"Thank you, @Samsung! We would love to have you! https://t.co/r5nxC9oOA4",Unofficial business,,,
"Yes, Arnold Schwarzenegger did a really bad job as Governor of California and even worse on the Apprentice...but at least he tried hard!",Unofficial business,,,
"Iran is playing with fire - they don't appreciate how ""kind"" President Obama was to them. Not me!",Foreign affairs,,,
Thank you to Prime Minister of Australia for telling the truth about our very civil conversation that FAKE NEWS media lied about. Very nice!,Foreign affairs,,,
"Meeting with biggest business leaders this morning. Good jobs are coming back to U.S., health care and tax bills are being crafted NOW!",Jobs,,,
"Professional anarchists, thugs and paid protesters are proving the point of the millions of people who voted to MAKE AMERICA GREAT AGAIN!",Making America great again,,,
A new radical Islamic terrorist has just attacked in Louvre Museum in Paris. Tourists were locked down. France on edge again. GET SMART U.S.,Foreign affairs,,,
"We must keep ""evil"" out of our country!",Immigration ban,,,
Countries charge U.S. companies taxes or tariffs while the U.S. charges them nothing or little.We should charge them SAME as they charge us!,Foreign affairs,,,
"When a country is no longer able to say who can, and who cannot , come in &amp; out, especially for reasons of safety &amp;.security - big trouble!",Foreign affairs,,,
Interesting that certain Middle-Eastern countries agree with the ban. They know if certain people are allowed in it's death &amp; destruction!,Immigration ban,,,
"The opinion of this so-called judge, which essentially takes law-enforcement away from our country, is ridiculous and will be overturned!",Foreign affairs,,,
"After being forced to apologize for its bad and inaccurate coverage of me after winning the election, the FAKE NEWS @nytimes is still lost!",Fake news,,,
MAKE AMERICA GREAT AGAIN!,Making America great again,,,
"What is our country coming to when a judge can halt a Homeland Security travel ban and anyone, even with bad intentions, can come into U.S.?",Immigration ban,,,
"Because the ban was lifted by a judge, many very bad and dangerous people may be pouring into our country. A terrible decision",Immigration ban,,,
"Why aren't the lawyers looking at and using the Federal Court decision in Boston, which is at conflict with ridiculous lift ban decision?",Immigration ban,,,
Interview with @oreillyfactor on Fox Network - 4:00 P.M. (prior to Super Bowl). Enjoy!,Media,,,
The judge opens up our country to potential terrorists and others that do not have our best interests at heart. Bad people are very happy!,Immigration ban,,,
Just cannot  believe a judge would put our country in such peril. If something happens blame him and court system. People pouring in. Bad!,Immigration ban,,,
I have instructed Homeland Security to check people coming into our country VERY CAREFULLY. The courts are making the job very difficult!,Immigration ban,,,
Enjoy the #SuperBowl and then we continue: MAKE AMERICA GREAT AGAIN!,Unofficial business,,,
"What an amazing comeback and win by the Patriots. Tom Brady, Bob Kraft and Coach B are total winners. Wow!",Unofficial business,,,
"Any negative polls are fake news, just like the CNN, ABC, NBC polls in the election. Sorry, people want border security and extreme vetting.",Fake news,,,
"I call my own shots, largely based on an accumulation of data, and everyone knows it. Some FAKE NEWS media, in order to marginalize, lies!",Fake news,,,
"The failing @nytimes writes total fiction concerning me. They have gotten it wrong for two years, and now are making up stories &amp; sources!",Fake news,,,
An extended interview from the Super Bowl with @oreillyfactor airs tonight at 8:00 P.M. Enjoy! https://t.co/kZdHqaNTVR,Media,,,
The failing @nytimes was forced to apologize to its subscribers for the poor reporting it did on my election win. Now they are worse!,Fake news,,,
"The threat from radical Islamic terrorism is very real, just look at what is happening in Europe and the Middle-East. Courts must act fast!",Immigration ban,,,
"I don't know Putin, have no deals in Russia, and the haters are going crazy - yet Obama can make a deal with Iran, #1 in terror, no problem!",Russia,,,
An honor having the National Sheriffs' Assoc. join me at the @WhiteHouse. Incredible men &amp; women who protect &amp; serv‚Ä¶ https://t.co/1LkhbCNh8L,Official business,,,
"It is a disgrace that my full Cabinet is still not in place, the longest such delay in the history of our country. Obstruction by Democrats!",Democratic Party,,,
"If the U.S. does not win this case as it so obviously should, we can never have the security and safety to which we are entitled. Politics!",Foreign affairs,,,
"I will be speaking at 9:00 A.M. today to Police Chiefs and Sheriffs and will be discussing the horrible, dangerous and wrong decision.......",Official business,,,
Thank you to our great Police Chiefs &amp; Sheriffs for your leadership &amp; service. You have a true friend in the‚Ä¶ https://t.co/Lysnv8ZR1h,Official business,,,
My daughter Ivanka has been treated so unfairly by @Nordstrom. She is a great person -- always pushing me to do the right thing! Terrible!,Official business,,,
16 Fake News Stories Reporters Have Run Since Trump Won' https://t.co/0dHld5kiVc,Fake news,,,
"Big increase in traffic into our country from certain areas, while our people are far more vulnerable, as we wait for what should be EASY D!",Immigration ban,,,
"Thank you Brian Krzanich, CEO of @Intel. A great investment ($7 BILLION) in American INNOVATION and JOBS!‚Ä¶ https://t.co/oicfDsPKHQ",Jobs,,,
Immigration Ban Is One Of Trump's Most Popular Orders So Far' https://t.co/wAelwuQ4BE,Immigration ban,,,
"Majority in Leading EU Nations Support Trump-Style Travel Ban' 
Poll of more than 10,000 people in 10 countries...https://t.co/KWsIWhtC9o",Immigration ban,,,
"Trump administration seen as more truthful than news media'
https://t.co/6LmsR5JOSW",Media,,,
"Congratulations to our new Attorney General, @SenatorSessions! https://t.co/e0buP1K83z",Official business,,,
"Sen.Richard Blumenthal, who never fought in Vietnam when he said for years he had (major lie),now misrepresents what Judge Gorsuch told him?",Official business,,,
"Chris Cuomo, in his interview with Sen. Blumenthal, never asked him about his long-term lie about his brave ""service"" in Vietnam. FAKE NEWS!",Fake news,,,
Sen. McCain should not be talking about the success or failure of a mission to the media. Only emboldens the enemy! He's been losing so....,Unofficial business,,,
"...long he doesn't know how to win anymore, just look at the mess our country is in - bogged down in conflict all over the place. Our hero..",Unofficial business,,,
"..Ryan died on a winning mission ( according to General Mattis), not a ""failure."" Time for the U.S. to get smart and start winning again!",Unofficial business,,,
"Join us live in the Oval Office for the swearing in of our new Attorney General, @SenatorSessions!
LIVE:‚Ä¶ https://t.co/QeW6vjog4A",Official business,,,
"SEE YOU IN COURT, THE SECURITY OF OUR NATION IS AT STAKE!",Immigration ban,,,
"LAWFARE: ""Remarkably, in the entire opinion, the panel did not bother even to cite this (the) statute."" A disgraceful decision!",Immigration ban,,,
"The failing @nytimes does major FAKE NEWS China story saying ""Mr.Xi has not spoken to Mr. Trump since Nov.14."" We spoke at length yesterday!",Fake news,,,
Heading to Joint Base Andrews on #MarineOne with Prime Minister Shinz≈ç earlier today. https://t.co/4JFhyYdeHO,Official business,,,
"Our legal system is broken! ""77% of refugees allowed into U.S. since travel reprieve hail from seven suspect countries."" (WT)  SO DANGEROUS!",Immigration ban,,,
"I am reading that the great border WALL will cost more than the government originally thought, but I have not gotten involved in the.....",Foreign affairs,,,
"...design or negotiations yet. When I do, just like with the F-35 FighterJet or the Air Force One Program, price will come WAY DOWN!",Foreign affairs,,,
"Melania and I are hosting Japanese Prime Minister Shinzo Abe and Mrs. Abe at Mar-a-Lago in Palm Beach, Fla. They are a wonderful couple!",Foreign Leader,,,
"Having a great time hosting Prime Minister Shinzo Abe in the United States! 
https://t.co/Fvjsac89qS‚Ä¶ https://t.co/hKqbMB2aQ9",Foreign Leader,,,
"I am so proud of my daughter Ivanka. To be abused and treated so badly by the media, and to still hold her head so high, is truly wonderful!",Unofficial business,,,
"Played golf today with Prime Minister Abe of Japan and @TheBig_Easy, Ernie Els, and had a great time. Japan is very well represented!",Foreign Leader,,,
"A working dinner tonight with Prime Minister Abe of Japan, and his representatives, at the Winter White House (Mar-a-Lago). Very good talks!",Foreign Leader,,,
RT @Scavino45: LIVE Joint Statement by President Trump and Prime Minister Shinzo Abe: https://t.co/c3Fe5cUaaS,Foreign leader,,,
#ICYMI: Joint Statement with Prime Minister Shinzo Abe on North Korea. https://t.co/qEC87FKB1D,Foreign Leader,,,
"The crackdown on illegal criminals is merely the keeping of my campaign promise. Gang members, drug dealers &amp; others are being removed!",Official business,,,
"72% of refugees admitted into U.S. (2/3 -2/11) during COURT BREAKDOWN are from 7 countries: SYRIA, IRAQ, SOMALIA, IRAN, SUDAN, LIBYA &amp; YEMEN",Immigration ban,,,
"While on FAKE NEWS @CNN, Bernie Sanders was cut off for using the term fake news to describe the network. They said technical difficulties!",Fake news,,,
"After two days of very productive talks, Prime Minister Abe is heading back to Japan. L",Foreign Leader,,,
I know Mark Cuban well. He backed me big-time but I wasn't interested in taking all of his calls.He's not smart enough to run for president!,Unofficial business,,,
Congratulations Stephen Miller- on representing me this morning on the various Sunday morning shows. Great job!,Media,,,
Just leaving Florida. Big crowds of enthusiastic supporters lining the road that the FAKE NEWS media refuses to mention. Very dishonest!,Fake news,,,
Today I will meet with Canadian PM Trudeau and a group of leading business women to discuss women in the workforce. https://t.co/bFAHPRXHdP,Foreign Leader,,,
Welcome to the @WhiteHouse Prime Minister @JustinTrudeau! https://t.co/WKgF8Zo9ri,Foreign Leader,,,
Wonderful meeting with Canadian PM @JustinTrudeau and a group of leading CEO's &amp; business women from Canadaüá®üá¶and th‚Ä¶ https://t.co/wAoCOaYeZ6,Foreign Leader,,,
Congratulations Treasury Secretary Steven Mnuchin! #ICYMI- watch here: https://t.co/RPsmw4yD7y https://t.co/K8tWLlXiYK,Official business,,,
Congratulations to our new #VASecretary Dr. David Shulkin. Time to take care of Veterans who have fought to protect‚Ä¶ https://t.co/FNewjbHuw4,Official business,,,
The real story here is why are there so many illegal leaks coming out of Washington? Will these leaks be happening as I deal on N.Korea etc?,Foreign affairs,,,
Great parent-teacher listening session this morning with @VP Pence &amp; @usedgov Secretary @BetsyDeVos. Watch:‚Ä¶ https://t.co/nuLTs513Ot,Official business,,,
"Remarks by President Trump at Signing of H.J. Resolution 41'
https://t.co/Q3MoCGAc54 https://t.co/yGDDTKm9Br",Official business,,,
"Obamacare continues to fail. Humana to pull out in 2018. Will repeal, replace &amp; save healthcare for ALL Americans. 
https://t.co/glWEQ0lNR4",Healthcare,,,
The fake news media is going crazy with their conspiracy theories and blind hatred. @MSNBC &amp; @CNN are unwatchable. @foxandfriends is great!,Fake news,,,
This Russian connection non-sense is merely an attempt to cover-up the many mistakes made in Hillary Clinton's losing campaign.,Russia,,,
Information is being illegally given to the failing @nytimes &amp; @washingtonpost by the intelligence community (NSA and FBI?).Just like Russia,Russia,,,
"Thank you to Eli Lake of The Bloomberg View - ""The NSA &amp; FBI...should not interfere in our politics...and is"" Very serious situation for USA",Media,,,
Crimea was TAKEN by Russia during the Obama Administration. Was Obama too soft on Russia?,Russia,,,
"The real scandal here is that classified information is illegally given out by ""intelligence"" like candy. Very un-American!",Foreign affairs,,,
Great listening session with CEO's of the Retail Industry Leaders Association this morning! https://t.co/sy6xJcWfcF,Jobs,,,
"Welcome to the United States, @IsraeliPM Benjamin &amp; Sara!
#ICYMIüá∫üá∏üáÆüá±Joint Press Conference: 
https://t.co/GN6ALWUusN https://t.co/bH60nBL5FP",Foreign Leader,,,
"Join me in Florida this Saturday at 5pm for a rally at the Orlando-Melbourne International Airport!
Tickets:‚Ä¶ https://t.co/OigfXFECPp",Official business,,,
"Aetna CEO: Obamacare in 'Death Spiral' #RepealAndReplace 
https://t.co/dmHL7xIEQv",Healthcare,,,
"Venezuela should allow Leopoldo Lopez, a political prisoner &amp; husband of @liliantintori (just met w/ @marcorubio) o‚Ä¶ https://t.co/HhgE51dtSN",Official business,,,
Stock market hits new high with longest winning streak in decades. Great level of confidence and optimism - even before tax plan rollout!,Jobs,,,
"Leaking, and even illegal classified leaking, has been a big problem in Washington for years. Failing @nytimes (and others) must apologize!",Fake news,,,
The spotlight has finally been put on the low-life leakers! They will be caught!,Unofficial business,,,
"FAKE NEWS media, which makes up stories and ""sources,"" is far more effective than the discredited Democrats - but they are fading fast!",Fake news,,,
"The Democrats had to come up with a story as to why they lost the election, and so badly (306), so they made up a story - RUSSIA. Fake news!",Democratic Party,,,
Trump signs bill undoing Obama coal mining rule' https://t.co/yMfT5r5RGh,Official business,,,
"Despite the long delays by the Democrats in finally approving Dr. Tom Price, the repeal and replacement of ObamaCare is moving fast!",Healthcare,,,
"Going to Charleston, South Carolina, in order to spend time with Boeing and talk jobs! Look forward to it.",Jobs,,,
Thank you for all of the nice statements on the Press Conference yesterday. Rush Limbaugh said one of greatest ever. Fake media not happy!,Fake news,,,
"General Keith Kellogg, who I have known for a long time, is very much in play for NSA - as are three others.",Official business,,,
"Join me at 11:00am:
Watch here: https://t.co/veqKmsGAwf https://t.co/UzndIjIqjM",Media,,,
"The FAKE NEWS media (failing @nytimes, @NBCNews, @ABC, @CBS, @CNN) is not my enemy, it is the enemy of the American People!",Fake news,,,
"""One of the most effective press conferences I've ever seen!"" says Rush Limbaugh. Many agree.Yet FAKE MEDIA  calls it differently! Dishonest",Fake news,,,
Looking forward to the Florida rally tomorrow. Big crowd expected!,Official business,,,
Don't believe the main stream (fake news) media.The White House is running VERY WELL. I inherited a MESS and am in the process of fixing it.,Fake news,,,
"Will be having many meetings this weekend at The Southern White House. Big 5:00 P.M. speech in Melbourne, Florida. A lot to talk about!",Official business,,,
My statement as to what's happening in Sweden was in reference to a story that was broadcast on @FoxNews concerning immigrants &amp; Sweden.,Foreign affairs,,,
Give the public a break - The FAKE NEWS media is trying to say that large scale immigration in Sweden is working out just beautifully. NOT!,Fake news,,,
HAPPY PRESIDENTS DAY - MAKE AMERICA GREAT AGAIN!,Making America great again,,,
Just named General H.R. McMaster National Security Advisor.,Official business,,,
"Congratulations to our new National Security Advisor, General H.R. McMaster. Video: https://t.co/BKn9r225Kk https://t.co/VBXcJ1b6Pv",Official business,,,
Americans overwhelmingly oppose sanctuary cities' https://t.co/s5QvsJWA6u,Immigration ban,,,
"The so-called angry crowds in home districts of some Republicans are actually, in numerous cases, planned out by liberal activists. Sad!",Republican party,,,
"One thing I will say about Rep. Keith Ellison, in his fight to lead the DNC, is that he was the one who predicted early that I would win!",Democratic Party,,,
Very much enjoyed my tour of the Smithsonian's National Museum of African American History and Culture...A great job done by amazing people!,Official business,,,
S&amp;P 500 Edges Higher After Trump Renews Jobs Pledge' https://t.co/WtrRJVFmvU,Jobs,,,
Seven people shot and killed yesterday in Chicago. What is going on there - totally out of control. Chicago needs help!,Official business,,,
Big interview tonight by Henry Kravis at The Business Council of Washington. Looking forward to it!,Official business,,,
"The FBI is totally unable to stop the national security ""leakers"" that have permeated our government for a long time. They can't even......",Official business,,,
find the leakers within the FBI itself. Classified information is being given to media that could have a devastating effect on U.S. FIND NOW,Official business,,,
Going to CPAC!,Official business,,,
"Trump vows to fight 'epidemic' of human trafficking 
https://t.co/oDLZ2NdrtA",Official business,,,
FAKE NEWS media knowingly doesn't tell the truth. A great danger to our country. The failing @nytimes has become a joke. Likewise @CNN. Sad!,Fake news,,,
Maybe the millions of people who voted to MAKE AMERICA GREAT AGAIN should have their own rally. It would be the biggest of them all!,Making America great again,,,
The media has not reported that the National Debt in my first month went down by $12 billion vs a $200 billion increase in Obama first mo.,Official business,,,
"Great optimism for future of U.S. business, AND JOBS, with the DOW having an 11th straight record close. Big tax &amp; regulation cuts coming!",Jobs,,,
Weekly Address from @WhiteHouse: https://t.co/uaoQSHBOQB https://t.co/7eF6aC6kEC,Official business,,,
I will not be attending the White House Correspondents' Association Dinner this year. Please wish everyone well and have a great evening!,Official business,,,
"Congratulations to Thomas Perez, who has just been named Chairman of the DNC. I could not be happier for him, or for the Republican Party!",Democratic Party,,,
"The race for DNC Chairman was, of course, totally ""rigged."" Bernie's guy, like Bernie himself, never had a chance. Clinton demanded Perez!",Democratic Party,,,
For first time the failing @nytimes will take an ad (a bad one) to help save its failing reputation. Try reporting accurately &amp; fairly!,Fake news,,,
"Russia talk is FAKE NEWS put out by the Dems, and played up by the media, in order to mask the big election defeat and the illegal leaks!",Fake news,,,
"Big dinner with Governors tonight at White House. Much to be discussed, including healthcare.",Healthcare,,,
Great meeting with CEOs of leading U.S. health insurance companies who provide great healthcare to the American peo‚Ä¶ https://t.co/60jigi6ffS,Healthcare,,,
"GOP now viewed more favorably than Dems, in Trump era (per NBC/WSJ poll) via @HotlineJosh:
https://t.co/Soebxtg2Zd",Republican party,,,
I will be interviewed on @foxandfriends at 6:00 A.M. Enjoy!,Media,,,
"Join me live at 9:00 P.M. 
#JointAddress https://t.co/J882zbyVkJ https://t.co/gTtK3vJmkU",Official business,,,
"#JointSession #MAGAüá∫üá∏
https://t.co/RDO6Jt2pip",Official business,,,
THANK YOU!,Unofficial business,,,
"Since November 8th, Election Day, the Stock Market has posted $3.2 trillion in GAINS and consumer confidence is at a 15 year high. Jobs!",Jobs,,,
"Jeff Sessions is an honest man. He did not say anything wrong. He could have stated his response more accurately, but it was clearly not....",Democratic Party,,,
...intentional. This whole narrative is a way of saving face for Democrats losing an election that everyone thought they were supposed.....,democratic Party,,,
"...to win. The Democrats are overplaying their hand. They lost the election, and now they have lost their grip on reality. The real story...",democratic Party,,,
"...is all of the illegal leaks of classified and other information. It is a total ""witch hunt!""",democratic Party,,,
"Nick Adams new book, Green Card Warrior, is a must read. The merit-based system is the way to go. Canada, Australia! @foxandfriends",Foreign affairs,,,
It is so pathetic that the Dems have still not approved my full Cabinet.,Democratic Party,,,
"Weekly Address
Join me here: https://t.co/SEavQK5zy5 https://t.co/EnyXYeqgcp",Official business,,,
We should start an immediate investigation into @SenSchumer and his ties to Russia and Putin. A total hypocrite! https://t.co/Ik3yqjHzsA,Russia,,,
We must fix our education system for our kids to Make America Great Again. Wonderful day at Saint Andrew in Orlando. https://t.co/OTJaHcvLzf,Making America great again,,,
"I hereby demand a second investigation, after Schumer, of Pelosi for her close ties to Russia, and lying about it. https://t.co/qCDljfF3wN",Russia,,,
MAKE AMERICA GREAT AGAIN! https://t.co/kuQiZDz4rA,making America great again,,,
The first meeting Jeff Sessions had with the Russian Amb was set up by the Obama Administration under education program for 100 Ambs......,Russia,,,
"Terrible! Just found out that Obama had my ""wires tapped"" in Trump Tower just before the victory. Nothing found. This is McCarthyism!",2016 election,,,
"Just out: The same Russian Ambassador that met Jeff Sessions visited the Obama White House 22 times, and 4 times last year alone.",Russia,,,
"Is it legal for a sitting President to be ""wire tapping"" a race for president prior to an election? Turned down by court earlier. A NEW LOW!",2016 election,,,
"I'd bet a good lawyer could make a great case out of the fact that President Obama was tapping my phones in October, just prior to Election!",2016 election,,,
How low has President Obama gone to tapp my phones during the very sacred election process. This is Nixon/Watergate. Bad (or sick) guy!,2016 election,,,
"Arnold Schwarzenegger isn't voluntarily leaving the Apprentice, he was fired by his bad (pathetic) ratings, not by me. Sad end to great show",Unofficial business,,,
Is it true the DNC would not allow the FBI access to check server or other equipment after learning it was hacked? Can that be possible?,Democratic Party,,,
"Who was it that secretly said to Russian President, ""Tell Vladimir that after the election I'll have more flexibility?"" @foxandfriends",Russia,,,
Thank you for the great rallies all across the country. Tremendous support. Make America Great Again!,making America great again,,,
"President Trump Congratulates Exxon Mobil for Job-Creating Investment Program'
https://t.co/adBzWhtq8S",Jobs,,,
"45,000 construction &amp; manufacturing jobs in the U.S. Gulf Coast region. $20 billion investment. We are already winning again, America!",Jobs,,,
There is an incredible spirit of optimism sweeping the country right now‚Äîwe're bringing back the JOBS! https://t.co/BNSLvKiEVj,Jobs,,,
"Buy American &amp; hire American are the principles at the core of my agenda, which is: JOBS, JOBS, JOBS! Thank you @exxonmobil.",Jobs,,,
"Thank you to @exxonmobil for your $20 billion investment that is creating more than 45,000 manufacturing &amp; construction jobs in the USA!",Jobs,,,
"122 vicious prisoners, released by the Obama Administration from Gitmo, have returned to the battlefield. Just another terrible decision!",Official business,,,
Our wonderful new Healthcare Bill is now out for review and negotiation. ObamaCare is a complete and total disaster - is imploding fast!,Healthcare,,,
"For eight years Russia ""ran over"" President Obama, got stronger and stronger, picked-off Crimea and added missiles. Weak! @foxandfriends",Russia,,,
"Don't worry, getting rid of state lines, which will promote competition, will be in phase 2 &amp; 3 of healthcare rollout. @foxandfriends",Healthcare,,,
I am working on a new system where there will be competition in the Drug Industry. Pricing for the American people will come way down!,Healthcare,,,
"Don't let the FAKE NEWS tell you that there is big infighting in the Trump Admin. We are getting along great, and getting major things done!",Fake news,,,
I feel sure that my friend @RandPaul will come along with the new and great health care program because he knows Obamacare is a disaster!,Healthcare,,,
I have tremendous respect for women and the many roles they serve that are vital to the fabric of our society and our economy.,Jobs,,,
"On International Women's Day, join me in honoring the critical role of women here in America &amp; around the world.",Official business,,,
LinkedIn Workforce Report: January and February were the strongest consecutive months for hiring since August and September 2015,Jobs,,,
Met with @RepCummings today at the @WhiteHouse. Great discussion!,Official business,,,
"Great news. We are only just beginning. Together, we are going to #MAGA! https://t.co/BSp685Q9Qf https://t.co/K7yeBZsf6r",making America great again,,,
RT @foxnation: .@realDonaldTrump's First Full Month in Office Sees Biggest Jobs Gain 'In Years': Report: https://t.co/rx4bgI1MWK,Jobs,,,
"Despite what you hear in the press, healthcare is coming along great. We are talking to many groups and it will end in a beautiful picture!",Healthcare,,,
U.S. Consumer Comfort Just Reached Its Highest Level in a Decade' ‚û°Ô∏èhttps://t.co/S8nZgmeMMV https://t.co/xC0piRa6eP,Official business,,,
Honored to meet this years @SenateYouth delegates w/ @VP Pence in the East Room of the @WhiteHouse. Congratulations‚Ä¶ https://t.co/oQIx7LybCV,Official business,,,
"RT @foxandfriends: ""Never give up....that's the worst thing you could do. There's always a chance."" -Kyle Coddington's message to those als‚Ä¶",Media,,,
"RT @DRUDGE_REPORT: GREAT AGAIN:  +235,000 https://t.co/GkockGNdtC",Jobs,,,
"Weekly Address - 11:00 A.M. at the @WhiteHouse! #MAGAüá∫üá∏
‚û°Ô∏èhttps://t.co/YSaPJnSX2i https://t.co/Gb8iTGzb6j",Official business,,,
We are making great progress with healthcare. ObamaCare is imploding and will only get worse. Republicans coming together to get job done!,healthcare,,,
"RT @AmericaFirstPol: .@POTUS Trump led a historic journey to the White House. 50 days in, that historic journey continues. Take a look üëâ ht‚Ä¶",2016 election,,,
"It is amazing how rude much of the media is to my very hard working representatives. Be nice, you will do much better!",Media,,,
"ObamaCare is imploding. It is a disaster and 2017 will be the worst year yet, by far! Republicans will come together and save the day.",healthcare,,,
Healthcare listening session w/ @VP &amp; @SecPriceMD. Watch: https://t.co/5ayQ4dr8Ip #ReadTheBill:‚Ä¶ https://t.co/1cQI0ZBUv8,healthcare,,,
Proud to welcome our great Cabinet this afternoon for our first meeting. Unfortunately 4 seats were empty because S‚Ä¶ https://t.co/bMYph832hF,Official business,,,
"Meeting w/ Washington, D.C. @MayorBowser and Metro GM Paul Wiedefeld about incoming winter storm preparations here‚Ä¶ https://t.co/mg0A4Hq3bD",Official business,,,
"JOBS, JOBS, JOBS! https://t.co/wAkQMKdPXA",Jobs,,,
Great optimism in America ‚Äì and the results will be even better! https://t.co/SYBl47CsZn,making America great again,,,
"Does anybody really believe that a reporter, who nobody ever heard of, ""went to his mailbox"" and found my tax returns? @NBCNews  FAKE NEWS!",Fake news,,,
"Can you imagine what the outcry would be if @SnoopDogg, failing career and all, had aimed and fired the gun at President Obama? Jail time!",Unofficial business,,,
"Will be going to Detroit, Michigan (love), today for a big meeting on bringing back car production to State &amp; U.S. Already happening!",Jobs,,,
"Looking forward to a big rally in Nashville, Tennessee, tonight. Big crowd of great people expected. Will be fun!",making America great again,,,
CEO's most optimistic since 2009. It will only get better as we continue to slash unnecessary regulations and when we begin our big tax cut!,Jobs,,,
I will be interviewed by @TuckerCarlson tonight at 9:00 P.M. on @FoxNews. Enjoy!,Media,,,
Thank you Andrew Jackson! #POTUS7 #USAüá∫üá∏ https://t.co/GToWsWXiNv,Unofficial business,,,
"In Nashville, Tennessee! Lets MAKE AMERICA GREAT AGAIN! https://t.co/m5UR4vv6UH",making America great again,,,
"Thank you Nashville, Tennessee! https://t.co/6snvQ0DzXN",making America great again,,,
A budget that puts #AmericaFirst must make safety its no. 1 priority‚Äîwithout safety there can be no prosperity: https://t.co/9lxx1iQo7m,Official business,,,
"An honor to welcome the Taoiseach of Ireland, @EndaKennyTD to the @WhiteHouse today with @VP Pence. üá∫üá∏üáÆüá™ https://t.co/J3iTl2iSiQ",Foreign Leader,,,
RT @USHCC: USHCC was delighted to host @IvankaTrump for a roundtable discussion w/ Hispanic women biz owners today in Washington #USHCCLegi‚Ä¶,Official business,,,
Great progress on healthcare. Improvements being made - Republicans coming together!,healthcare,,,
My representatives had a great meeting w/ the Hispanic Chamber of Commerce at the WH today. Look forward to tremendous growth &amp; future mtgs!,Official business,,,
"RT @DiamondandSilk: When the President says ""You're Fired""     That means: ""Pack Yo Stuff and Go, Not Say ""You Refuse to Go!  #DrainTheSwam‚Ä¶",Unofficial business,,,
Happy L√° Fheile Phadraig to all of my great Irish friends!,Unofficial business,,,
RT @FoxNews: Jobs created in February. https://t.co/sOaMDxxTA8,Jobs,,,
"RT @AmericaFirstPol: MAJOR IMPACT: @POTUS Trump is 50 Days in and moving swiftly to get America back on the right track. #MAGA 
https://t.c‚Ä¶",Official business,,,
RT @foxandfriends: VIDEO: Rep. Scalise ‚Äî GOP agrees on over 85 percent of health care bill https://t.co/05dtfjAUbx,healthcare,,,
"RT @foxandfriends: FOX NEWS ALERT: Jihadis using religious visa to enter US, experts warn (via @FoxFriendsFirst) https://t.co/pwXeR9OMQC",Immigration ban,,,
"North Korea is behaving very badly. They have been ""playing"" the United States for years. China has done little to help!",Foreign affairs,,,
"""The President Changed. So Has Small Businesses' Confidence""
https://t.co/daTGjPmYeJ",Jobs,,,
Great meeting with the @RepublicanStudy Committee this morning at the @WhiteHouse! https://t.co/8Y2UoHoYaY,Official business,,,
"Despite what you have heard from the FAKE NEWS, I had a GREAT meeting with German Chancellor Angela Merkel. Nevertheless, Germany owes.....",Foreign Leader,,,
"...vast sums of money to NATO &amp; the United States must be paid more for the powerful, and very expensive, defense it provides to Germany!",Foreign Leader,,,
"#ICYMI: Weekly Address 
‚û°Ô∏èhttps://t.co/ckVx2zgA1x https://t.co/dTGZLvlsGv",Official business,,,
James Clapper and others stated that there is no evidence Potus colluded with Russia. This story is FAKE NEWS and everyone knows it!,Russia,,,
The Democrats made up and pushed the Russian story as an excuse for running a terrible campaign. Big advantage in Electoral College &amp; lost!,Russia,,,
"The real story that Congress, the FBI and all others should be looking into is the leaking of Classified information. Must find leaker now!",Russia,,,
Just heard Fake News CNN is doing polls again despite the fact that their election polls were a WAY OFF disaster. Much higher ratings at Fox,Fake news,,,
"What about all of the contact with the Clinton campaign and the Russians? Also, is it true that the DNC would not let the FBI in to look?",Russia,,,
Congratulations Eric &amp; Lara. Very proud and happy for the two of you! https://t.co/s0T3cTQc40,Unofficial business,,,
"Thank you Louisville, Kentucky- on my way! #MAGAüá∫üá∏ https://t.co/3QsBsib6kt",making America great again,,,
"Thank you Louisville, Kentucky. Together, we will MAKE AMERICA SAFE AND GREAT AGAIN! https://t.co/qGgWEWUvek",making America great again,,,
Joined the @HouseGOP Conference this morning at the U.S. Capitol. https://t.co/03e4YBIWr0 #PassTheBill #MAGAüá∫üá∏‚Ä¶ https://t.co/3swdFWGQtP,Republican party,,,
"Honored to sign S.442 today. With this legislation, we support @NASA's scientists, engineers, and astronauts in the‚Ä¶ https://t.co/Z5VwluvJQx",Official business,,,
"Today on #NationalAgDay, we honor our great American farmers &amp; ranchers. Their hard work &amp; dedication are ingrained‚Ä¶ https://t.co/IpGRhly2zj",Official business,,,
Big day for healthcare. Working hard!,healthcare,,,
RT @mitchellvii: EXACTLY AS I SAID - House Intel Chair: We Cannot Rule Out Sr. Obama Officials Were Involved in Trump Surveillance https://‚Ä¶,2016 election,,,
RT @mitchellvii: Trump always ends up being right.  It's almost a little freaky.,Unofficial business,,,
Spoke to U.K. Prime Minister Theresa May today to offer condolences on the terrorist attack in London. She is strong and doing very well.,Foreign Leader,,,
Just watched the totally biased and fake news reports of the so-called Russia story on NBC and ABC. Such dishonesty!,Russia,,,
"A great American, Kurt Cochran, was killed in the London terror attack. My prayers and condolences are with his family and friends.",Foreign affairs,,,
We are taking action to #RepealANDReplace #Obamacare! Contact your Rep &amp; tell them you support #AHCA. #PassTheBill‚Ä¶ https://t.co/5lsrDJXfzb,healthcare,,,
It was an honor to welcome so many truckers and trucking industry leaders to the @WhiteHouse today! https://t.co/M1veooVBNE,Official business,,,
"After seven horrible years of ObamaCare (skyrocketing premiums &amp; deductibles, bad healthcare), this is finally your chance for a great plan!",healthcare,,,
"The irony is that the Freedom Caucus, which is very pro-life and against Planned Parenthood, allows P.P. to continue if they stop this plan!",Republican party,,,
"Today, I was pleased to announce the official approval of the presidential permit for the #KeystonePipeline. A grea‚Ä¶ https://t.co/GWNo2XAueg",Official business,,,
"Today, I was thrilled to announce a commitment of $25 BILLION &amp; 20K AMERICAN JOBS over the next 4 years. THANK YOU‚Ä¶ https://t.co/nWJ1hNmzoR",Jobs,,,
Happy #MedalOfHonorDay to our heroes! ‚û°Ô∏èhttps://t.co/juAB1RmMh0 https://t.co/Sw5ea1OwUf,Official business,,,
ObamaCare will explode and we will all get together and piece together a great healthcare plan for THE PEOPLE. Do not worry!,healthcare,,,
Watch @JudgeJeanine on @FoxNews tonight at 9:00 P.M.,Media,,,
Thanks you for all of the Trump Rallies today. Amazing support. We will all MAKE AMERICA GREAT AGAIN!,making America great again,,,
"Democrats are smiling in D.C. that the Freedom Caucus, with the help of Club For Growth and Heritage, have saved Planned Parenthood &amp; Ocare!",democratic Party,,,
General Kelly is doing a great job at the border. Numbers are way down. Many are not even trying to come in anymore.,Immigration ban,,,
"Why isn't the House Intelligence Committee looking into the Bill &amp; Hillary deal that allowed big Uranium to go to Russia, Russian speech....",Russia,,,
"...money to Bill, the Hillary Russian ""reset,"" praise of Russia by Hillary, or Podesta Russian Company. Trump Russia story is a hoax. #MAGA!",Russia,,,
The Republican House Freedom Caucus was able to snatch defeat from the jaws of victory. After so many bad years they were ready for a win!,Republican party,,,
"The Democrats will make a deal with me on healthcare as soon as ObamaCare folds - not long. Do not worry, we are in very  good shape!",healthcare,,,
Big announcement by Ford today. Major investment to be made in three Michigan plants. Car companies coming back to U.S.  JOBS! JOBS! JOBS!,Jobs,,,
Watch @foxandfriends now on Podesta and Russia!,Media,,,
"The failing @NYTimes would do much better if they were honest! 
https://t.co/ATy8R3knS2",Fake news,,,
It was an honor to welcome @GLFOP to the @WhiteHouse today with @VP Pence &amp; Attorney General Sessions. THANK YOU fo‚Ä¶ https://t.co/VHzTB4c69h,Official business,,,
"A NEW ERA IN AMERICAN ENERGY! 
#MadeInTheUSAüá∫üá∏
Watch here: https://t.co/EG02Fdlkba https://t.co/XT12jqoIqj",jobs,,,
Why doesn't Fake News talk about Podesta ties to Russia as covered by @FoxNews or money from Russia to Clinton - sale of  Uranium?,Russia,,,
"Remember when the failing @nytimes apologized to its subscribers, right after the election, because their coverage was so wrong. Now worse!",Fake news,,,
If the people of our great country could only see how viciously and inaccurately my administration is covered by certain media!,Media,,,
Today's EO established a commission on combating drug addiction and the opioid crisis. Watch listening session‚û°Ô∏è‚Ä¶ https://t.co/ooF2ediqSt,Official business,,,
.@FLOTUS Melania and I were honored to stop by the Women's Empowerment  Panel this afternoon at the @WhiteHouse.‚Ä¶ https://t.co/phLPw8lgTu,Official business,,,
"Today we honored our true American heroes on the first-ever National Vietnam War Veterans Day.
#ThankAVeteran‚Ä¶ https://t.co/deOHapcV4J",Official business,,,
"The Freedom Caucus will hurt the entire Republican agenda if they don't get on the team, &amp; fast. We must fight them, &amp; Dems, in 2018!",democratic Party,,,
The failing @nytimes has disgraced the media world. Gotten me wrong for two solid years. Change libel laws? https://t.co/QIqLgvYLLi,Media,,,
Great op-ed from @RepKenBuck. Looks like some in the Freedom Caucus are helping me end #Obamacare. https://t.co/Y2vTnIBTBZ,healthcare,,,
"If @RepMarkMeadows, @Jim_Jordan and @Raul_Labrador would get on board we would have both great healthcare and massive tax cuts &amp; reform.",healthcare,,,
"Where are @RepMarkMeadows, @Jim_Jordan and @Raul_Labrador?
#RepealANDReplace #Obamacare",Unofficial business,,,
The meeting next week with China will be a very difficult one in that we can no longer have massive trade deficits...,Foreign affairs,,,
...and job losses. American companies must be prepared to look at other alternatives.,jobs,,,
Only by enlisting the full potential of women in our society will we be truly able to #MakeAmericaGreatAgainüá∫üá∏‚Ä¶ https://t.co/cxhgYaxiek,making America great again,,,
"Mike Flynn should ask for immunity in that this is a witch hunt (excuse for big election loss), by media &amp; Dems, of historic proportion!",Media,,,
"It was an honor to welcome the Prime Minister of Denmark, Lars L√∏kke Rasmussen {@larsloekke} to the @WhiteHouse yes‚Ä¶ https://t.co/N1g0TiVnSp",Foreign Leader,,,
"Great meeting with a wonderful woman today, former Secretary of State, Condoleezza Rice! #USAüá∫üá∏ https://t.co/ZuriIC3YwG",Official business,,,
#ConfirmGorsuch #SCOTUS https://t.co/WkqHYMcYa3,Official business,,,
"It is an exciting time for our country!
#WeeklyAddress #ConfirmGorsuch https://t.co/tP4bkvTOBq",Official business,,,
Trump Celebrates American Manufacturing Survey Showing Highest Level of Optimism in 20 Years' ‚û°Ô∏è‚Ä¶ https://t.co/cVWXOa1MjY,jobs,,,
We are going to defend our industry &amp; create a level playing field for the American worker. It is time to put‚Ä¶ https://t.co/dzPKJMghj1,Official business,,,
When will Sleepy Eyes Chuck Todd and @NBCNews start talking about the Obama SURVEILLANCE SCANDAL and stop with the Fake Trump/Russia story?,Media,,,
"It is the same Fake News Media that said there is ""no path to victory for Trump"" that is now pushing the phony Russia story. A total scam!",Fake news,,,
"The failing @nytimes finally gets it - ""In places where no insurance company offers plans, there will be no way for ObamaCare customers to..",Media,,,
"...use subsidies to buy health plans."" In other words, Ocare is dead. Good things will happen, however, either with Republicans or Dems.",media,,,
"Wow, @FoxNews just reporting big news. Source: ""Official behind unmasking is high up. Known Intel official is responsible. Some unmasked....",media,,,
"..not associated with Russia. Trump team spied on before he was nominated."" If this is true, does not get much bigger. Would be sad for U.S.",media,,,
Thank you @JCLayfield -- will get even better as my Administration continues to put #AmericaFirstüá∫üá∏ https://t.co/AQQzmt10x7,making America great again,,,
Anybody (especially  Fake News media) who thinks that Repeal &amp; Replace of ObamaCare is dead does not know the love and strength in R Party!,Republican party,,,
"Talks on Repealing and Replacing ObamaCare are, and have been, going on, and will continue until such time as a deal is hopefully struck.",healthcare,,,
The real story turns out to be SURVEILLANCE and LEAKING! Find the leakers.,media,,,
"Melania and I are honored to light up the @WhiteHouse this evening, for 
#WorldAutismAwarenessDay. Join us &amp; #LIUB.‚Ä¶ https://t.co/tR3hqqyWvv",Official business,,,
"Such amazing reporting on unmasking and the crooked scheme against us by @foxandfriends. ""Spied on before nomination."" The real story.",media,,,
Was the brother of John Podesta paid big money to get the sanctions on Russia lifted? Did Hillary know?,Russia,,,
Did Hillary Clinton ever apologize for receiving the answers to the debate? Just asking!,2016 election,,,
".@FoxNews from multiple sources: ""There was electronic surveillance of Trump, and people close to Trump. This is unprecedented."" @FBI",media,,,
"Getting ready to meet President al-Sisi of Egypt. On behalf of the United States, I look forward to a long and wonderful relationship.",Foreign Leader,,,
Looking forward to hosting our heroes from the Wounded Warrior Project (@WWP) Soldier Ride to the @WhiteHouse on Th‚Ä¶ https://t.co/QLC0qFD94x,Official business,,,
It was an honor to welcome President Al Sisi of Egypt to the @WhiteHouse as we renew the historic partnership betwe‚Ä¶ https://t.co/9mRaGvcPHz,Foreign Leader,,,
RT @DRUDGE_REPORT: RICE ORDERED SPY DOCS ON TRUMP? https://t.co/bL2nZRFxk9,media,,,
".@WhiteHouse #CEOTownHall
‚û°Ô∏èhttps://t.co/ADSKuUXf1b https://t.co/XHfQ6zmF2H",Official business,,,
Thank you Sean McGarvey &amp; the entire Governing Board of Presidents for honoring me w/an invite to speak. #NABTU2017‚Ä¶ https://t.co/dJlZvlq6Tj,Official business,,,
Great to talk jobs with #NABTU2017. Tremendous spirit &amp; optimism - we will deliver! https://t.co/6lRuQZZHrc,jobs,,,
I am deeply committed to preserving our strong relationship &amp; to strengthening America's long-standing support for‚Ä¶ https://t.co/GxrOR3ALCE,Foreign affairs,,,
"JOBS, JOBS, JOBS!
https://t.co/XGOQPHywrt https://t.co/B5Qbn6llzE",jobs,,,
"It was an honor to host our American heroes from the @WWP #SoldierRideDC at the @WhiteHouse today with @FLOTUS, @VP‚Ä¶ https://t.co/u5AI1pupVV",Official business,,,
RT @IvankaTrump: Very proud of Arabella and Joseph for their performance in honor of President Xi Jinping and Madame Peng Liyuan's official‚Ä¶,foreign leader,,,
It was a great honor to have President Xi Jinping and Madame Peng Liyuan of China as our guests in the United States. Tremendous...,Foreign Leader,,,
"...goodwill and friendship was formed, but only time will tell on trade.",Foreign affairs,,,
"Congratulations to our great military men and women for representing the United States, and the world, so well in the Syria attack.",Foreign affairs,,,
The reason you don't generally hit runways is that they are easy and inexpensive to quickly fix (fill in and top)!,Unofficial business,,,
Judge Gorsuch will be sworn in at the Rose Garden of the White House on Monday at 11:00 A.M. He will be a great Justice. Very proud of him!,Official business,,,
So sad to hear of the terrorist attack in Egypt. U.S. strongly condemns. I have great...,Foreign affairs,,,
...confidence that President Al Sisi will handle situation properly.,Foreign Leader,,,
Thank you @USNavy! #USA https://t.co/oD7L8vPgjq,Unofficial business,,,
Congratulations to Justice Neil Gorsuch on his elevation to the United States Supreme Court. A great day for Americ‚Ä¶ https://t.co/RM9lfTaePS,Official business,,,
"Happy Passover to everyone celebrating in the United States of America, Israel, and around the world. #ChagSameach",Unofficial business,,,
RT @foxnation: Grateful Syrians React To @realDonaldTrump Strike: 'I'll Name My Son Donald' https://t.co/7KexXsXLUx #SyrianStrikes,media,,,
I explained to the President of China that a trade deal with the U.S. will be far better for them if they solve the North Korean problem!,foreign affairs,,,
"North Korea is looking for trouble. If China decides to help, that would be great. If not, we will solve the problem without them!  U.S.A.",foreign affairs,,,
"Ron Estes is running TODAY for Congress in the Great State of Kansas. A wonderful guy, I need his help on Healthcare &amp; Tax Cuts (Reform).",healthcare,,,
Great Strategic &amp; Policy CEO Forum today with my Cabinet Secretaries and top CEO's from around the United States.‚Ä¶ https://t.co/pmGIL08OpP,Official business,,,
I will be interviewed by @MariaBartiromo at 6:00 A.M. @FoxBusiness. Enjoy!,media,,,
Had a very good call last night with the President of China concerning the menace of North Korea.,Foreign Leader,,,
"Great win in Kansas last night for Ron Estes, easily winning the Congressional race against the Dems, who spent heavily &amp; predicted victory!",Official business,,,
Great meeting w/ NATO Sec. Gen. We agreed on the importance of getting countries to pay their fair share &amp; focus on‚Ä¶ https://t.co/G9TdjWezmH,Official business,,,
Economic confidence is soaring as we unleash the power of private sector job creation and stand up for the American Workers. #AmericaFirst,jobs,,,
"One by one we are keeping our promises - on the border, on energy, on jobs, on regulations. Big changes are happening!",jobs,,,
"Jobs are returning, illegal immigration is plummeting, law, order and justice are being restored. We are truly making America great again!",jobs,,,
"I have great confidence that China will properly deal with North Korea. If they are unable to do so, the U.S., with its allies, will! U.S.A.",foreign affairs,,,
Things will work out fine between the U.S.A. and Russia. At the right time everyone will come to their senses &amp; there will be lasting peace!,Russia,,,
It was a great honor to welcome Atlanta's heroic first responders to the White House this afternoon! https://t.co/ZtC14AJ0xs,Official business,,,
RT @DRUDGE_REPORT: GREAT AGAIN: FEDS ARREST MURDER SUSPECT IN 'FAST AND FURIOUS' SCANDAL... https://t.co/clOLxTE3D4,media,,,
Weekly Address- https://t.co/tpZ7eqJLUH https://t.co/B2NQzj53ft,Official business,,,
RT @FLOTUS: Looking forward to hosting the annual Easter Egg Roll at the @WhiteHouse on Monday! https://t.co/nz7vucugx9,Official business,,,
Why would I call China a currency manipulator when they are working with us on the North Korean problem? We will see what happens!,foreign affairs,,,
Happy Easter to everyone!,Unofficial business,,,
I did what was an almost an impossible thing to do for a Republican-easily won the Electoral College! Now Tax Returns are brought up again?,Republican party,,,
Someone should look into who paid for the small organized rallies yesterday. The election is over!,2016 election,,,
"Our military is building and is rapidly becoming stronger than ever before. Frankly, we have no choice!",foreign affairs,,,
"The recent Kansas election (Congress) was a really big media event, until the Republicans won. Now they play the same game with Georgia-BAD!",Republican party,,,
"""The first 90 days of my presidency has exposed the total failure of the last eight years of foreign policy!"" So true. @foxandfriends",media,,,
"A great book for your reading enjoyment: ""REASONS TO VOTE FOR DEMOCRATS"" by Michael J. Knowles.",Unofficial business,,,
The Fake Media (not Real Media) has gotten even worse since the election. Every story is badly slanted. We have to hold them to the truth!,Fake news,,,
"The super Liberal Democrat in the Georgia Congressioal race tomorrow wants to protect criminals, allow illegal immigration and raise taxes!",Unofficial business,,,
RT @DRUDGE_REPORT: TRUMP APPROVAL HITS 50% https://t.co/TruX3WzR3U,media,,,
"TRUMP APPROVAL HITS 50%
https://t.co/vjZkGTyQb9",media,,,
"See you tomorrow Wisconsin!

'Trump spurs small-business optimism in Milwaukee area'
https://t.co/JUxhO3oqjO",jobs,,,
"With eleven Republican candidates running in Georgia (on Tuesday) for Congress, a runoff will be a win. Vote ""R"" for lower taxes &amp; safety!",Republican party,,,
The weak illegal immigration policies of the Obama Admin. allowed bad MS 13 gangs to form in cities across U.S. We are removing them fast!,Immigration ban,,,
I will be interviewed on @foxandfriends by @ainsleyearhardt starting at 6:00 A.M. Enjoy!,media,,,
"Democrat Jon Ossoff would be a disaster in Congress. VERY weak on crime and illegal immigration, bad for jobs and wants higher taxes. Say NO",democratic Party,,,
Republicans must get out today and VOTE in Georgia 6. Force runoff and easy win! Dem Ossoff will raise your taxes-very bad on crime &amp; 2nd A.,Republican party,,,
"Just learned that Jon @Ossoff, who is running for Congress in Georgia, doesn't even live in the district. Republicans, get out and vote!",democratic Party,,,
"#BuyAmericanHireAmericanüá∫üá∏
Watch‚û°Ô∏èhttps://t.co/AUqYcrgeyn https://t.co/rf9aivVb7g",jobs,,,
"Despite major outside money, FAKE media support and eleven Republican candidates, BIG ""R"" win with runoff in Georgia. Glad to be of help!",Republican party,,,
Dems failed in Kansas and are now failing in Georgia. Great job Karen Handel! It is now Hollywood vs. Georgia on June 20th.,democratic Party,,,
#BuyAmericanHireAmericanüá∫üá∏ https://t.co/JPEXQTVR1E,jobs,,,
"Today I signed the Veterans (OUR HEROES) Choice Program Extension &amp; Improvement Act @ the @WhiteHouse. #S544 
Watch‚Ä¶ https://t.co/0sMv4sPrmf",Official business,,,
A great honor to host the @SuperBowl Champion New England @Patriots at the White House today. Congratulations!‚Ä¶ https://t.co/tQ5XEPaIxn,Official business,,,
"Failing @nytimes, which has been calling me wrong for two years, just got caught in a big lie concerning New England Patriots visit to W.H.",Fake news,,,
"We're going to use American steel, we're going to use American labor, we are going to come first in all deals. ‚û°Ô∏è‚Ä¶ https://t.co/QYjWx9K4YY",jobs,,,
A great honor to host PM Paolo Gentiloni of Italy at the White House this afternoon! #ICYMI- Joint Press Conference‚Ä¶ https://t.co/lJAvEZJV1F,Foreign Leader,,,
RT @foxandfriends: NYT editor apologizes for misleading tweet about New England Patriots' visit to the White House (via @FoxFriendsFirst) h‚Ä¶,media,,,
Another terrorist attack in Paris. The people of France will not take much more of this. Will have a big effect on presidential election!,foreign affairs,,,
"No matter how much I accomplish during the ridiculous standard of the first 100 days, &amp; it has been a lot (including S.C.), media will kill!",media,,,
"China is very much the economic lifeline to North Korea so, while nothing is easy, if they want to solve the North Korean problem, they will",foreign affairs,,,
"WELCOME HOME, AYA!
#GodBlessTheUSAüá∫üá∏ https://t.co/CR4I8dvunc",Official business,,,
"RT @Scavino45: .@POTUS @realDonaldTrump, @IvankaTrump, Jared Kushner, &amp; Dina Powell in the Oval Office today w/ Aya &amp; her brother Basel.
#W‚Ä¶",Unofficial business,,,
"Presidential Executive Order on Identifying and Reducing Tax Regulatory Burdens' 
Executive Order:‚Ä¶ https://t.co/dpE6hDzlAt",jobs,,,
"After 5 SB victories since 2002, it was my honor to give Bob Kraft, Coach Belichick, and the players their first to‚Ä¶ https://t.co/UZPKjqoGZY",Official business,,,
"RT @foxandfriends: Chicago approves new plan to hide illegal immigrants from the feds, plus give them access to city services https://t.co/‚Ä¶",media,,,
RT @foxandfriends: Israeli PM Netanyahu praises U.S. policy changes during meeting with Defense. Sec Mattis https://t.co/v2C9oaq3uY,media,,,
Getting ready to visit Walter Reed Medical Center with Melania. Looking forward to seeing our bravest and greatest Americans!,Official business,,,
Next Saturday night I will be holding a BIG rally in Pennsylvania. Look forward to it!,making America great again,,,
Big TAX REFORM AND TAX REDUCTION will be announced next Wednesday.,Official business,,,
"Today on Earth Day, we celebrate our beautiful forests, lakes and land. We stand committed to preserving the natural beauty of our nation.",Official business,,,
I am committed to keeping our air and water clean but always remember that economic growth enhances environmental protection. Jobs matter!,Official business,,,
Very interesting election currently taking place in France.,Foreign affairs,,,
"Thank you Lake Worth, Florida. @foxandfriends",media,,,
ObamaCare is in serious trouble. The Dems need big money to keep it going - otherwise it dies far sooner than anyone would have thought.,healthcare,,,
The Democrats don't want money from budget going to border wall despite the fact that it will stop drugs and very bad MS 13 gang members.,democratic Party,,,
"Eventually, but at a later date so we can get started early, Mexico will be paying, in some form, for the badly needed border wall.",Foreign affairs,,,
New polls out today are very good considering that much of the media is FAKE and almost always negative. Would still beat Hillary in .....,media,,,
...popular vote. ABC News/Washington Post Poll (wrong big on election) said almost all stand by their vote on me &amp; 53% said strong leader.,media,,,
"The two fake news polls released yesterday, ABC &amp; NBC, while containing some very positive info, were totally wrong in General E. Watch!",Fake news,,,
The Wall is a very important tool in stopping drugs from pouring into our country and poisoning our youth (and many others)! If,Foreign affairs,,,
"....the wall is not built, which it will be, the drug situation will NEVER be fixed the way it should be!
#BuildTheWall",foreign affairs,,,
Join me in congratulating @NASA's @AstroPeggy by using the hashtag #CongratsPeggy! Earlier today:‚Ä¶ https://t.co/AUdJgxXiT4,Official business,,,
"If our healthcare plan is approved, you will see real healthcare and premiums will start tumbling down. ObamaCare is in a death spiral!",healthcare,,,
"Today, I signed the Holocaust Remembrance Proclamation: https://t.co/762SqgdLMV #ICYMI- My statement last night at‚Ä¶ https://t.co/vrqqFDi8En",Official business,,,
Proud of @IvankaTrump for her leadership on these important issues. Looking forward to hearing her speak at the W20! https://t.co/e6Uajrm8zp,Unofficial business,,,
Canada has made business for our dairy farmers in Wisconsin and other border states very difficult. We will not stand for this. Watch!,foreign affairs,,,
"Don't let the fake media tell you that I have changed my position on the WALL. It will get built and help stop drugs, human trafficking etc.",Fake news,,,
"Remarks at the United States Holocaust Memorial Museum's National Days of Remembrance. 
Full remarks:‚Ä¶ https://t.co/BJbI6ZtGo7",foreign affairs,,,
"Presidential Executive Order on Promoting Agriculture and Rural Prosperity in America'
Executive Order:‚Ä¶ https://t.co/LVMjZ9Ax0U",Official business,,,
First the Ninth Circuit rules against the ban &amp; now it hits again on sanctuary cities-both ridiculous rulings. See you in the Supreme Court!,Immigration ban,,,
"Out of our very big country, with many choices, does everyone notice that both the ""ban"" case and now the ""sanctuary"" case is brought in ...",Immigration ban,,,
"...the Ninth Circuit, which has a terrible record of being overturned (close to 80%). They used to call this ""judge shopping!"" Messy system.",Immigration ban,,,
The U.S. recorded its slowest economic growth in five years (2016). GDP up only 1.6%. Trade deficits hurt the economy very badly.,Official business,,,
"HAPPY BIRTHDAY to our @FLOTUS, Melania! 
https://t.co/rYYp51mxDQ https://t.co/np7KYHglSv",Unofficial business,,,
"Today, I signed an Executive Order @ the U.S. Dept. of @Interior: 'Review of Designations Under the Antiquities Act‚Ä¶ https://t.co/Eq6JDzMqTY",Official business,,,
"Today, I signed an Executive Order on Enforcing Statutory Prohibitions on Federal Control of Education. EO:‚Ä¶ https://t.co/YYafFQncbC",Official business,,,
"A great great honor to welcome &amp; recognize the National Teacher of the Year, as well as the Teacher of the Year fro‚Ä¶ https://t.co/pUGl7RDoVX",Official business,,,
"Democrats are trying to bail out insurance companies from disastrous #ObamaCare, and Puerto Rico with your tax dollars. Sad!",healthcare,,,
I received calls from the President of Mexico and the Prime Minister of Canada asking to renegotiate NAFTA rather than terminate. I agreed..,foreign affairs,,,
"...subject to the fact that if we do not reach a fair deal for all, we will then terminate NAFTA. Relationships are good-deal very possible!",foreign affairs,,,
The Democrats want to shut government if we don't bail out Puerto Rico and give billions to their insurance companies for OCare failure. NO!,democratic Party,,,
I want to help our miners while the Democrats are blocking their healthcare.,healthcare,,,
I promise to rebuild our military and secure our border. Democrats want to shut down the government. Politics!,democratic Party,,,
What's more important? Rebuilding our military - or bailing out insurance companies? Ask the Democrats.,democratic Party,,,
Democrats jeopardizing the safety of our troops to bail out their donors from insurance companies. It is time to put #AmericaFirstüá∫üá∏,democratic Party,,,
Democrats used to support border security ‚Äî now they want illegals to pour through our borders.,democratic Party,,,
As families prepare for summer vacations in our National Parks - Democrats threaten to close them and shut down the government. Terrible!,democratic Party,,,
.@FLOTUS Melania and I were honored to welcome Argentina President @MauricioMacri and First Lady Juliana Awada to t‚Ä¶ https://t.co/gR3EPznu1H,Foreign Leader,,,
"Presidential Memorandum for the @CommerceGov, @SecretaryRoss re: Aluminum Imports and Threats to National Security:‚Ä¶ https://t.co/GnKoVz9GTO",Official business,,,
"Today, I signed an Executive Order on Improving Accountability and Whistleblower Protection at the @DeptVetAffairs:‚Ä¶ https://t.co/UQ6VNCyhlj",Official business,,,
"RT @foxandfriends: Former President Obama's $400K Wall Street speech stuns liberal base; Sen. Warren saying she ""was troubled by that"" http‚Ä¶",media,,,
"We are making tremendous progress with the V. A. There has never been so much done so quickly, and we have just started. We love our VETS!",Official business,,,
I will be interviewed by @MarthaMaccallum on @FoxNews tonight at 7pm. Enjoy!,media,,,
"North Korea disrespected the wishes of China &amp; its highly respected President when it launched, though unsuccessfully, a missile today. Bad!",foreign affairs,,,