category,cat_word,genre,year,pronoun,word1,word2,word,total,,,,
he,he-loves,all,all,he,he,loves,loves,190,,,max,646
he,he-told,all,all,he,he,told,told,149,,,min,29
he,he-left,all,all,he,he,left,left,148,,,total,16200
he,he-takes,all,all,he,he,takes,takes,138,,,,
he,he-walked,all,all,he,he,walked,walked,131,,,,
he,he-looked,all,all,he,he,looked,looked,113,,,,
he,he-makes,all,all,he,he,makes,makes,107,,,,
he,he-walks,all,all,he,he,walks,walks,105,,,,
he,he-tastes,all,all,he,he,tastes,tastes,97,,,,
he,he-died,all,all,he,he,died,died,88,,,,
he,he-lives,all,all,he,he,lives,lives,84,,,,
he,he-likes,all,all,he,he,likes,likes,83,,,,
he,he-stood,all,all,he,he,stood,stood,79,,,,
he,he-loved,all,all,he,he,loved,loved,77,,,,
he,he-plays,all,all,he,he,plays,plays,71,,,,
he,he-feels,all,all,he,he,feels,feels,69,,,,
he,he-calls,all,all,he,he,calls,calls,67,,,,
he,he-talks,all,all,he,he,talks,talks,67,,,,
he,he-kissed,all,all,he,he,kissed,kissed,66,,,,
he,he-stands,all,all,he,he,stands,stands,64,,,,
he,he-started,all,all,he,he,started,started,60,,,,
he,he-cried,all,all,he,he,cried,cried,59,,,,
he,he-found,all,all,he,he,found,found,59,,,,
he,he-love,all,all,he,he,love,love,59,,,,
he,he-tells,all,all,he,he,tells,tells,55,,,,
his,his-eyes,all,all,his,his,eyes,eyes,382,,,,
his,his-head,all,all,his,his,head,head,367,,,,
his,his-life,all,all,his,his,life,life,348,,,,
his,his-hand,all,all,his,his,hand,hand,286,,,,
his,his-heart,all,all,his,his,heart,heart,261,,,,
his,his-mind,all,all,his,his,mind,mind,221,,,,
his,his-love,all,all,his,his,love,love,217,,,,
his,his-hands,all,all,his,his,hands,hands,200,,,,
his,his-arms,all,all,his,his,arms,arms,146,,,,
his,his-wife,all,all,his,his,wife,wife,135,,,,
his,his-feet,all,all,his,his,feet,feet,109,,,,
his,his-blood,all,all,his,his,blood,blood,107,,,,
his,his-mother,all,all,his,his,mother,mother,105,,,,
his,his-song,all,all,his,his,song,song,91,,,,
his,his-soul,all,all,his,his,soul,soul,91,,,,
his,his-son,all,all,his,his,son,son,86,,,,
his,his-hair,all,all,his,his,hair,hair,85,,,,
his,his-knees,all,all,his,his,knees,knees,83,,,,
his,his-eye,all,all,his,his,eye,eye,75,,,,
his,his-friends,all,all,his,his,friends,friends,70,,,,
his,his-ass,all,all,his,his,ass,ass,67,,,,
his,his-money,all,all,his,his,money,money,65,,,,
his,his-kiss,all,all,his,his,kiss,kiss,64,,,,
his,his-mouth,all,all,his,his,mouth,mouth,58,,,,
his,his-brain,all,all,his,his,brain,brain,57,,,,
him,him-him,all,all,him,love,him,love,217,,,,
him,him-him,all,all,him,told,him,told,149,,,,
him,him-him,all,all,him,hear,him,hear,141,,,,
him,him-him,all,all,him,call,him,call,133,,,,
him,him-him,all,all,him,leave,him,leave,100,,,,
him,him-him,all,all,him,bring,him,bring,92,,,,
him,him-him,all,all,him,loved,him,loved,75,,,,
him,him-him,all,all,him,send,him,send,63,,,,
him,him-him,all,all,him,watch,him,watch,60,,,,
him,him-him,all,all,him,adore,him,adore,59,,,,
him,him-him,all,all,him,left,him,left,56,,,,
him,him-him,all,all,him,heard,him,heard,48,,,,
him,him-him,all,all,him,hit,him,hit,47,,,,
him,him-him,all,all,him,hold,him,hold,45,,,,
him,him-him,all,all,him,called,him,called,43,,,,
him,him-him,all,all,him,found,him,found,43,,,,
him,him-him,all,all,him,forget,him,forget,41,,,,
him,him-him,all,all,him,set,him,set,41,,,,
him,him-him,all,all,him,teach,him,teach,39,,,,
him,him-him,all,all,him,catch,him,catch,37,,,,
him,him-him,all,all,him,meet,him,meet,33,,,,
him,him-him,all,all,him,makes,him,makes,31,,,,
him,him-him,all,all,him,pass,him,pass,31,,,,
him,him-him,all,all,him,kill,him,kill,30,,,,
him,him-him,all,all,him,caught,him,caught,29,,,,
him,him-him,all,all,him,hurt,him,hurt,29,,,,
him,him-,all,all,,,,,,,,,
him,him-,all,all,,,,,,,,,
him,him-,all,all,,,,,,,,,
him,him-,all,all,,,,,,,,,
she,she-loves,all,all,she,she,loves,loves,279,,,,
she,she-left,all,all,she,she,left,left,229,,,,
she,she-makes,all,all,she,she,makes,makes,227,,,,
she,she-told,all,all,she,she,told,told,194,,,,
she,she-likes,all,all,she,she,likes,likes,172,,,,
she,she-walks,all,all,she,she,walks,walks,161,,,,
she,she-takes,all,all,she,she,takes,takes,118,,,,
she,she-bop,all,all,she,she,bop,bop,114,,,,
she,she-looked,all,all,she,she,looked,looked,112,,,,
she,she-feels,all,all,she,she,feels,feels,107,,,,
she,she-moves,all,all,she,she,moves,moves,104,,,,
she,she-loved,all,all,she,she,loved,loved,102,,,,
she,she-cries,all,all,she,she,cries,cries,93,,,,
she,she-smiles,all,all,she,she,smiles,smiles,85,,,,
she,she-called,all,all,she,she,called,called,82,,,,
she,she-calls,all,all,she,she,calls,calls,81,,,,
she,she-sits,all,all,she,she,sits,sits,80,,,,
she,she-wrote,all,all,she,she,wrote,wrote,70,,,,
she,she-fell,all,all,she,she,fell,fell,67,,,,
she,she-tells,all,all,she,she,tells,tells,67,,,,
she,she-love,all,all,she,she,love,love,65,,,,
she,she-wears,all,all,she,she,wears,wears,63,,,,
she,she-found,all,all,she,she,found,found,61,,,,
she,she-dances,all,all,she,she,dances,dances,59,,,,
she,she-leaves,all,all,she,she,leaves,leaves,59,,,,
she,she-wakes,all,all,she,she,wakes,wakes,59,,,,
she,she-,all,all,,,,,,,,,
she,she-,all,all,,,,,,,,,
she,she-,all,all,,,,,,,,,
she,she-,all,all,,,,,,,,,
hers,hers-eyes,all,all,her,her,eyes,eyes,646,,,,
hers,hers-heart,all,all,her,her,heart,heart,350,,,,
hers,hers-hair,all,all,her,her,hair,hair,308,,,,
hers,hers-love,all,all,her,her,love,love,231,,,,
hers,hers-head,all,all,her,her,head,head,211,,,,
hers,hers-mind,all,all,her,her,mind,mind,209,,,,
hers,hers-hand,all,all,her,her,hand,hand,208,,,,
hers,hers-life,all,all,her,her,life,life,177,,,,
hers,hers-lips,all,all,her,her,lips,lips,148,,,,
hers,hers-body,all,all,her,her,body,body,119,,,,
hers,hers-arms,all,all,her,her,arms,arms,117,,,,
hers,hers-skin,all,all,her,her,skin,skin,96,,,,
hers,hers-hands,all,all,her,her,hands,hands,93,,,,
hers,hers-voice,all,all,her,her,voice,voice,88,,,,
hers,hers-dreams,all,all,her,her,dreams,dreams,79,,,,
hers,hers-home,all,all,her,her,home,home,79,,,,
hers,hers-eye,all,all,her,her,eye,eye,77,,,,
hers,hers-smile,all,all,her,her,smile,smile,77,,,,
hers,hers-soul,all,all,her,her,soul,soul,77,,,,
hers,hers-feet,all,all,her,her,feet,feet,73,,,,
hers,hers-daddy,all,all,her,her,daddy,daddy,66,,,,
hers,hers-friends,all,all,her,her,friends,friends,66,,,,
hers,hers-time,all,all,her,her,time,time,65,,,,
hers,hers-mother,all,all,her,her,mother,mother,60,,,,
hers,hers-mouth,all,all,her,her,mouth,mouth,56,,,,
hers,hers-,all,all,,,,,,,,,
hers,hers-,all,all,,,,,,,,,
hers,hers-,all,all,,,,,,,,,
hers,hers-,all,all,,,,,,,,,
hers,hers-,all,all,,,,,,,,,
her,her-her,all,all,her,love,her,love,459,,,,
her,her-her,all,all,her,hear,her,hear,187,,,,
her,her-her,all,all,her,hold,her,hold,184,,,,
her,her-her,all,all,her,told,her,told,182,,,,
her,her-her,all,all,her,leave,her,leave,151,,,,
her,her-her,all,all,her,call,her,call,132,,,,
her,her-her,all,all,her,watch,her,watch,126,,,,
her,her-her,all,all,her,miss,her,miss,109,,,,
her,her-her,all,all,her,met,her,met,106,,,,
her,her-her,all,all,her,lost,her,lost,105,,,,
her,her-her,all,all,her,left,her,left,101,,,,
her,her-her,all,all,her,inside,her,inside,99,,,,
her,her-her,all,all,her,loved,her,loved,92,,,,
her,her-her,all,all,her,feel,her,feel,90,,,,
her,her-her,all,all,her,forget,her,forget,82,,,,
her,her-her,all,all,her,kiss,her,kiss,82,,,,
her,her-her,all,all,her,heard,her,heard,79,,,,
her,her-her,all,all,her,kissed,her,kissed,65,,,,
her,her-her,all,all,her,bring,her,bring,62,,,,
her,her-her,all,all,her,touch,her,touch,60,,,,
her,her-her,all,all,her,calling,her,calling,59,,,,
her,her-her,all,all,her,treat,her,treat,58,,,,
her,her-her,all,all,her,found,her,found,55,,,,
her,her-her,all,all,her,held,her,held,53,,,,
her,her-her,all,all,her,watched,her,watched,53,,,,
her,her-,all,all,,,,,,,,,
her,her-,all,all,,,,,,,,,
her,her-,all,all,,,,,,,,,
her,her-,all,all,,,,,,,,,
her,her-,all,all,,,,,,,,,
he,he-told,all,1970,he,he,told,told,34,,,,
he,he-gonna,all,1970,he,he,gonna,gonna,29,,,,
he,he-lost,all,1970,he,he,lost,lost,20,,,,
he,he-takes,all,1970,he,he,takes,takes,20,,,,
he,he-loves,all,1970,he,he,loves,loves,18,,,,
he,he-meant,all,1970,he,he,meant,meant,18,,,,
he,he-left,all,1970,he,he,left,left,17,,,,
he,he-alive,all,1970,he,he,alive,alive,14,,,,
he,he-feels,all,1970,he,he,feels,feels,14,,,,
he,he-fills,all,1970,he,he,fills,fills,13,,,,
he,he-flies,all,1970,he,he,flies,flies,13,,,,
he,he-traveled,all,1970,he,he,traveled,traveled,13,,,,
he,he-blind,all,1970,he,he,blind,blind,12,,,,
he,he-fall,all,1970,he,he,fall,fall,12,,,,
he,he-moves,all,1970,he,he,moves,moves,12,,,,
he,he-walk,all,1970,he,he,walk,walk,12,,,,
he,he-loved,all,1970,he,he,loved,loved,11,,,,
he,he-rides,all,1970,he,he,rides,rides,11,,,,
he,he-fell,all,1970,he,he,fell,fell,10,,,,
he,he-rocks,all,1970,he,he,rocks,rocks,10,,,,
he,he-wore,all,1970,he,he,wore,wore,10,,,,
he,he-started,all,1970,he,he,started,started,9,,,,
he,he-appeared,all,1970,he,he,appeared,appeared,8,,,,
he,he-bought,all,1970,he,he,bought,bought,8,,,,
he,he-died,all,1970,he,he,died,died,8,,,,
he,he-hit,all,1970,he,he,hit,hit,8,,,,
he,he-locked,all,1970,he,he,locked,locked,8,,,,
he,he-sang,all,1970,he,he,sang,sang,8,,,,
he,he-shot,all,1970,he,he,shot,shot,8,,,,
he,he-talked,all,1970,he,he,talked,talked,8,,,,
his,his-head,all,1970,his,his,head,head,59,,,,
his,his-hand,all,1970,his,his,hand,hand,57,,,,
his,his-eyes,all,1970,his,his,eyes,eyes,38,,,,
his,his-hands,all,1970,his,his,hands,hands,36,,,,
his,his-mind,all,1970,his,his,mind,mind,33,,,,
his,his-life,all,1970,his,his,life,life,28,,,,
his,his-hair,all,1970,his,his,hair,hair,25,,,,
his,his-love,all,1970,his,his,love,love,25,,,,
his,his-heart,all,1970,his,his,heart,heart,23,,,,
his,his-feet,all,1970,his,his,feet,feet,21,,,,
his,his-money,all,1970,his,his,money,money,21,,,,
his,his-song,all,1970,his,his,song,song,17,,,,
his,his-mother,all,1970,his,his,mother,mother,15,,,,
his,his-wife,all,1970,his,his,wife,wife,15,,,,
his,his-father,all,1970,his,his,father,father,13,,,,
his,his-ear,all,1970,his,his,ear,ear,12,,,,
his,his-knees,all,1970,his,his,knees,knees,12,,,,
his,his-revenge,all,1970,his,his,revenge,revenge,12,,,,
his,his-soul,all,1970,his,his,soul,soul,12,,,,
his,his-vengeance,all,1970,his,his,vengeance,vengeance,12,,,,
his,his-victims,all,1970,his,his,victims,victims,12,,,,
his,his-boring,all,1970,his,his,boring,boring,10,,,,
his,his-horn,all,1970,his,his,horn,horn,9,,,,
his,his-job,all,1970,his,his,job,job,9,,,,
his,his-style,all,1970,his,his,style,style,9,,,,
his,his-,all,1970,,,,,,,,,
his,his-,all,1970,,,,,,,,,
his,his-,all,1970,,,,,,,,,
his,his-,all,1970,,,,,,,,,
his,his-,all,1970,,,,,,,,,
him,him-him,all,1970,him,love,him,love,42,,,,
him,him-him,all,1970,him,hear,him,hear,30,,,,
him,him-him,all,1970,him,told,him,told,18,,,,
him,him-him,all,1970,him,treat,him,treat,15,,,,
him,him-him,all,1970,him,left,him,left,14,,,,
him,him-him,all,1970,him,helps,him,helps,13,,,,
him,him-him,all,1970,him,kick,him,kick,12,,,,
him,him-him,all,1970,him,pass,him,pass,12,,,,
him,him-him,all,1970,him,shot,him,shot,12,,,,
him,him-him,all,1970,him,leave,him,leave,11,,,,
him,him-him,all,1970,him,call,him,call,9,,,,
him,him-him,all,1970,him,called,him,called,8,,,,
him,him-him,all,1970,him,hang,him,hang,8,,,,
him,him-him,all,1970,him,hit,him,hit,8,,,,
him,him-him,all,1970,him,beat,him,beat,7,,,,
him,him-him,all,1970,him,takes,him,takes,7,,,,
him,him-him,all,1970,him,feel,him,feel,6,,,,
him,him-him,all,1970,him,lead,him,lead,6,,,,
him,him-him,all,1970,him,loving,him,loving,6,,,,
him,him-him,all,1970,him,wakes,him,wakes,6,,,,
him,him-him,all,1970,him,heard,him,heard,5,,,,
him,him-him,all,1970,him,hug,him,hug,5,,,,
him,him-him,all,1970,him,watch,him,watch,5,,,,
him,him-him,all,1970,him,blame,him,blame,4,,,,
him,him-him,all,1970,him,caught,him,caught,4,,,,
him,him-him,all,1970,him,dug,him,dug,4,,,,
him,him-him,all,1970,him,hold,him,hold,4,,,,
him,him-him,all,1970,him,shoot,him,shoot,4,,,,
him,him-him,all,1970,him,shoots,him,shoots,4,,,,
him,him-him,all,1970,him,spank,him,spank,4,,,,
she,she-told,all,1970,she,she,told,told,55,,,,
she,she-makes,all,1970,she,she,makes,makes,46,,,,
she,she-left,all,1970,she,she,left,left,45,,,,
she,she-loves,all,1970,she,she,loves,loves,28,,,,
she,she-slipped,all,1970,she,she,slipped,slipped,23,,,,
she,she-looked,all,1970,she,she,looked,looked,21,,,,
she,she-wrote,all,1970,she,she,wrote,wrote,18,,,,
she,she-feels,all,1970,she,she,feels,feels,17,,,,
she,she-loved,all,1970,she,she,loved,loved,15,,,,
she,she-walks,all,1970,she,she,walks,walks,15,,,,
she,she-cried,all,1970,she,she,cried,cried,14,,,,
she,she-gotta,all,1970,she,she,gotta,gotta,14,,,,
she,she-likes,all,1970,she,she,likes,likes,12,,,,
she,she-tells,all,1970,she,she,tells,tells,12,,,,
she,she-lay,all,1970,she,she,lay,lay,11,,,,
she,she-sits,all,1970,she,she,sits,sits,11,,,,
she,she-caught,all,1970,she,she,caught,caught,10,,,,
she,she-lost,all,1970,she,she,lost,lost,10,,,,
she,she-taught,all,1970,she,she,taught,taught,10,,,,
she,she-fills,all,1970,she,she,fills,fills,9,,,,
she,she-found,all,1970,she,she,found,found,9,,,,
she,she-lays,all,1970,she,she,lays,lays,9,,,,
she,she-accepts,all,1970,she,she,accepts,accepts,8,,,,
she,she-cries,all,1970,she,she,cries,cries,8,,,,
she,she-fell,all,1970,she,she,fell,fell,8,,,,
she,she-held,all,1970,she,she,held,held,8,,,,
she,she-move,all,1970,she,she,move,move,8,,,,
she,she-moves,all,1970,she,she,moves,moves,8,,,,
she,she-ran,all,1970,she,she,ran,ran,8,,,,
she,she-sails,all,1970,she,she,sails,sails,8,,,,
hers,hers-eyes,all,1970,her,her,eyes,eyes,74,,,,
hers,hers-hair,all,1970,her,her,hair,hair,47,,,,
hers,hers-love,all,1970,her,her,love,love,47,,,,
hers,hers-head,all,1970,her,her,head,head,30,,,,
hers,hers-fingers,all,1970,her,her,fingers,fingers,29,,,,
hers,hers-heart,all,1970,her,her,heart,heart,27,,,,
hers,hers-hand,all,1970,her,her,hand,hand,21,,,,
hers,hers-dresses,all,1970,her,her,dresses,dresses,18,,,,
hers,hers-life,all,1970,her,her,life,life,18,,,,
hers,hers-tonite,all,1970,her,her,tonite,tonite,17,,,,
hers,hers-memory,all,1970,her,her,memory,memory,16,,,,
hers,hers-messin,all,1970,her,her,messin,messin,15,,,,
hers,hers-mine,all,1970,her,her,mine,mine,15,,,,
hers,hers-arms,all,1970,her,her,arms,arms,14,,,,
hers,hers-mind,all,1970,her,her,mind,mind,13,,,,
hers,hers-smile,all,1970,her,her,smile,smile,13,,,,
hers,hers-voice,all,1970,her,her,voice,voice,11,,,,
hers,hers-doorway,all,1970,her,her,doorway,doorway,10,,,,
hers,hers-father,all,1970,her,her,father,father,10,,,,
hers,hers-hands,all,1970,her,her,hands,hands,10,,,,
hers,hers-sharing,all,1970,her,her,sharing,sharing,10,,,,
hers,hers-skin,all,1970,her,her,skin,skin,10,,,,
hers,hers-walk,all,1970,her,her,walk,walk,10,,,,
hers,hers-yeah,all,1970,her,her,yeah,yeah,10,,,,
hers,hers-body,all,1970,her,her,body,body,9,,,,
hers,hers-clothes,all,1970,her,her,clothes,clothes,9,,,,
hers,hers-eye,all,1970,her,her,eye,eye,9,,,,
hers,hers-favorite,all,1970,her,her,favorite,favorite,9,,,,
hers,hers-talk,all,1970,her,her,talk,talk,9,,,,
hers,hers-time,all,1970,her,her,time,time,9,,,,
her,her-her,all,1970,her,love,her,love,52,,,,
her,her-her,all,1970,her,run,her,run,27,,,,
her,her-her,all,1970,her,shot,her,shot,27,,,,
her,her-her,all,1970,her,lost,her,lost,25,,,,
her,her-her,all,1970,her,leave,her,leave,19,,,,
her,her-her,all,1970,her,wore,her,wore,18,,,,
her,her-her,all,1970,her,caught,her,caught,17,,,,
her,her-her,all,1970,her,forget,her,forget,17,,,,
her,her-her,all,1970,her,call,her,call,16,,,,
her,her-her,all,1970,her,left,her,left,13,,,,
her,her-her,all,1970,her,hold,her,hold,12,,,,
her,her-her,all,1970,her,loved,her,loved,12,,,,
her,her-her,all,1970,her,told,her,told,11,,,,
her,her-her,all,1970,her,broke,her,broke,10,,,,
her,her-her,all,1970,her,hear,her,hear,10,,,,
her,her-her,all,1970,her,heard,her,heard,9,,,,
her,her-her,all,1970,her,talk,her,talk,9,,,,
her,her-her,all,1970,her,found,her,found,8,,,,
her,her-her,all,1970,her,kissed,her,kissed,8,,,,
her,her-her,all,1970,her,seed,her,seed,8,,,,
her,her-her,all,1970,her,smell,her,smell,8,,,,
her,her-her,all,1970,her,smile,her,smile,8,,,,
her,her-her,all,1970,her,watch,her,watch,8,,,,
her,her-her,all,1970,her,change,her,change,7,,,,
her,her-her,all,1970,her,eyes,her,eyes,7,,,,
her,her-her,all,1970,her,follow,her,follow,7,,,,
her,her-her,all,1970,her,lifted,her,lifted,7,,,,
her,her-her,all,1970,her,met,her,met,7,,,,
her,her-her,all,1970,her,rip,her,rip,7,,,,
her,her-her,all,1970,her,skin,her,skin,7,,,,
he,he-loves,all,1980,he,he,loves,loves,51,,,,
he,he-bop,all,1980,he,he,bop,bop,36,,,,
he,he-looked,all,1980,he,he,looked,looked,24,,,,
he,he-makes,all,1980,he,he,makes,makes,24,,,,
he,he-likes,all,1980,he,he,likes,likes,22,,,,
he,he-walks,all,1980,he,he,walks,walks,22,,,,
he,he-stands,all,1980,he,he,stands,stands,20,,,,
he,he-heard,all,1980,he,he,heard,heard,19,,,,
he,he-takes,all,1980,he,he,takes,takes,19,,,,
he,he-bought,all,1980,he,he,bought,bought,18,,,,
he,he-taught,all,1980,he,he,taught,taught,17,,,,
he,he-feels,all,1980,he,he,feels,feels,16,,,,
he,he-calls,all,1980,he,he,calls,calls,15,,,,
he,he-cries,all,1980,he,he,cries,cries,14,,,,
he,he-told,all,1980,he,he,told,told,14,,,,
he,he-drives,all,1980,he,he,drives,drives,13,,,,
he,he-means,all,1980,he,he,means,means,13,,,,
he,he-walked,all,1980,he,he,walked,walked,13,,,,
he,he-brings,all,1980,he,he,brings,brings,12,,,,
he,he-earned,all,1980,he,he,earned,earned,12,,,,
he,he-kissed,all,1980,he,he,kissed,kissed,12,,,,
he,he-left,all,1980,he,he,left,left,12,,,,
he,he-spreads,all,1980,he,he,spreads,spreads,12,,,,
he,he-lived,all,1980,he,he,lived,lived,11,,,,
he,he-speaks,all,1980,he,he,speaks,speaks,11,,,,
he,he-starts,all,1980,he,he,starts,starts,11,,,,
he,he-,all,1980,,,,,,,,,
he,he-,all,1980,,,,,,,,,
he,he-,all,1980,,,,,,,,,
he,he-,all,1980,,,,,,,,,
his,his-eyes,all,1980,his,his,eyes,eyes,78,,,,
his,his-blood,all,1980,his,his,blood,blood,64,,,,
his,his-hand,all,1980,his,his,hand,hand,57,,,,
his,his-life,all,1980,his,his,life,life,52,,,,
his,his-head,all,1980,his,his,head,head,49,,,,
his,his-heart,all,1980,his,his,heart,heart,43,,,,
his,his-garment,all,1980,his,his,garment,garment,40,,,,
his,his-love,all,1980,his,his,love,love,36,,,,
his,his-arms,all,1980,his,his,arms,arms,34,,,,
his,his-hands,all,1980,his,his,hands,hands,31,,,,
his,his-son,all,1980,his,his,son,son,25,,,,
his,his-voice,all,1980,his,his,voice,voice,23,,,,
his,his-gun,all,1980,his,his,gun,gun,22,,,,
his,his-feet,all,1980,his,his,feet,feet,21,,,,
his,his-mother,all,1980,his,his,mother,mother,21,,,,
his,his-smile,all,1980,his,his,smile,smile,21,,,,
his,his-wife,all,1980,his,his,wife,wife,21,,,,
his,his-mind,all,1980,his,his,mind,mind,18,,,,
his,his-family,all,1980,his,his,family,family,16,,,,
his,his-time,all,1980,his,his,time,time,16,,,,
his,his-brain,all,1980,his,his,brain,brain,14,,,,
his,his-kiss,all,1980,his,his,kiss,kiss,14,,,,
his,his-eye,all,1980,his,his,eye,eye,13,,,,
his,his-home,all,1980,his,his,home,home,13,,,,
his,his-knees,all,1980,his,his,knees,knees,13,,,,
his,his-,all,1980,,,,,,,,,
his,his-,all,1980,,,,,,,,,
his,his-,all,1980,,,,,,,,,
his,his-,all,1980,,,,,,,,,
his,his-,all,1980,,,,,,,,,
him,him-him,all,1980,him,hear,him,hear,25,,,,
him,him-him,all,1980,him,love,him,love,24,,,,
him,him-him,all,1980,him,call,him,call,21,,,,
him,him-him,all,1980,him,adore,him,adore,20,,,,
him,him-him,all,1980,him,hit,him,hit,18,,,,
him,him-him,all,1980,him,loved,him,loved,17,,,,
him,him-him,all,1980,him,stop,him,stop,17,,,,
him,him-him,all,1980,him,catch,him,catch,13,,,,
him,him-him,all,1980,him,drove,him,drove,12,,,,
him,him-him,all,1980,him,leave,him,leave,10,,,,
him,him-him,all,1980,him,found,him,found,9,,,,
him,him-him,all,1980,him,told,him,told,9,,,,
him,him-him,all,1980,him,check,him,check,8,,,,
him,him-him,all,1980,him,killed,him,killed,8,,,,
him,him-him,all,1980,him,kiss,him,kiss,8,,,,
him,him-him,all,1980,him,send,him,send,7,,,,
him,him-him,all,1980,him,bout,him,bout,6,,,,
him,him-him,all,1980,him,kill,him,kill,6,,,,
him,him-him,all,1980,him,shoot,him,shoot,6,,,,
him,him-him,all,1980,him,teach,him,teach,6,,,,
him,him-him,all,1980,him,tear,him,tear,6,,,,
him,him-him,all,1980,him,holds,him,holds,5,,,,
him,him-him,all,1980,him,inside,him,inside,5,,,,
him,him-him,all,1980,him,kick,him,kick,5,,,,
him,him-him,all,1980,him,makes,him,makes,5,,,,
him,him-him,all,1980,him,set,him,set,5,,,,
him,him-him,all,1980,him,throw,him,throw,5,,,,
him,him-,all,1980,,,,,,,,,
him,him-,all,1980,,,,,,,,,
him,him-,all,1980,,,,,,,,,
she,she-bop,all,1980,she,she,bop,bop,114,,,,
she,she-loves,all,1980,she,she,loves,loves,45,,,,
she,she-likes,all,1980,she,she,likes,likes,37,,,,
she,she-left,all,1980,she,she,left,left,33,,,,
she,she-walks,all,1980,she,she,walks,walks,33,,,,
she,she-makes,all,1980,she,she,makes,makes,28,,,,
she,she-feels,all,1980,she,she,feels,feels,25,,,,
she,she-told,all,1980,she,she,told,told,25,,,,
she,she-calls,all,1980,she,she,calls,calls,21,,,,
she,she-looked,all,1980,she,she,looked,looked,21,,,,
she,she-loved,all,1980,she,she,loved,loved,16,,,,
she,she-runs,all,1980,she,she,runs,runs,16,,,,
she,she-moves,all,1980,she,she,moves,moves,15,,,,
she,she-sits,all,1980,she,she,sits,sits,15,,,,
she,she-wrote,all,1980,she,she,wrote,wrote,15,,,,
she,she-cried,all,1980,she,she,cried,cried,13,,,,
she,she-rides,all,1980,she,she,rides,rides,13,,,,
she,she-wears,all,1980,she,she,wears,wears,13,,,,
she,she-called,all,1980,she,she,called,called,12,,,,
she,she-lies,all,1980,she,she,lies,lies,12,,,,
she,she-sings,all,1980,she,she,sings,sings,12,,,,
she,she-sleeps,all,1980,she,she,sleeps,sleeps,11,,,,
she,she-started,all,1980,she,she,started,started,11,,,,
she,she-drives,all,1980,she,she,drives,drives,10,,,,
she,she-fades,all,1980,she,she,fades,fades,10,,,,
she,she-fell,all,1980,she,she,fell,fell,10,,,,
she,she-holds,all,1980,she,she,holds,holds,10,,,,
she,she-smokes,all,1980,she,she,smokes,smokes,10,,,,
she,she-takes,all,1980,she,she,takes,takes,10,,,,
she,she-talks,all,1980,she,she,talks,talks,10,,,,
hers,hers-eyes,all,1980,her,her,eyes,eyes,102,,,,
hers,hers-heart,all,1980,her,her,heart,heart,66,,,,
hers,hers-hair,all,1980,her,her,hair,hair,47,,,,
hers,hers-mind,all,1980,her,her,mind,mind,46,,,,
hers,hers-head,all,1980,her,her,head,head,38,,,,
hers,hers-love,all,1980,her,her,love,love,30,,,,
hers,hers-life,all,1980,her,her,life,life,28,,,,
hers,hers-daddy,all,1980,her,her,daddy,daddy,26,,,,
hers,hers-eye,all,1980,her,her,eye,eye,23,,,,
hers,hers-arms,all,1980,her,her,arms,arms,22,,,,
hers,hers-dog,all,1980,her,her,dog,dog,22,,,,
hers,hers-lips,all,1980,her,her,lips,lips,22,,,,
hers,hers-body,all,1980,her,her,body,body,19,,,,
hers,hers-hand,all,1980,her,her,hand,hand,18,,,,
hers,hers-home,all,1980,her,her,home,home,18,,,,
hers,hers-mine,all,1980,her,her,mine,mine,18,,,,
hers,hers-style,all,1980,her,her,style,style,17,,,,
hers,hers-voice,all,1980,her,her,voice,voice,17,,,,
hers,hers-dreams,all,1980,her,her,dreams,dreams,15,,,,
hers,hers-dress,all,1980,her,her,dress,dress,11,,,,
hers,hers-skin,all,1980,her,her,skin,skin,11,,,,
hers,hers-smile,all,1980,her,her,smile,smile,11,,,,
hers,hers-walk,all,1980,her,her,walk,walk,11,,,,
hers,hers-feet,all,1980,her,her,feet,feet,10,,,,
hers,hers-hands,all,1980,her,her,hands,hands,10,,,,
hers,hers-kiss,all,1980,her,her,kiss,kiss,10,,,,
hers,hers-maidens,all,1980,her,her,maidens,maidens,10,,,,
hers,hers-tight,all,1980,her,her,tight,tight,10,,,,
hers,hers-,all,1980,,,,,,,,,
hers,hers-,all,1980,,,,,,,,,
her,her-her,all,1980,her,love,her,love,80,,,,
her,her-her,all,1980,her,hear,her,hear,33,,,,
her,her-her,all,1980,her,treat,her,treat,29,,,,
her,her-her,all,1980,her,gun,her,gun,25,,,,
her,her-her,all,1980,her,miss,her,miss,24,,,,
her,her-her,all,1980,her,told,her,told,23,,,,
her,her-her,all,1980,her,lost,her,lost,22,,,,
her,her-her,all,1980,her,watch,her,watch,21,,,,
her,her-her,all,1980,her,hold,her,hold,20,,,,
her,her-her,all,1980,her,kissed,her,kissed,20,,,,
her,her-her,all,1980,her,mistreat,her,mistreat,17,,,,
her,her-her,all,1980,her,met,her,met,16,,,,
her,her-her,all,1980,her,kill,her,kill,15,,,,
her,her-her,all,1980,her,kiss,her,kiss,14,,,,
her,her-her,all,1980,her,bring,her,bring,13,,,,
her,her-her,all,1980,her,call,her,call,13,,,,
her,her-her,all,1980,her,heard,her,heard,13,,,,
her,her-her,all,1980,her,left,her,left,12,,,,
her,her-her,all,1980,her,forget,her,forget,10,,,,
her,her-her,all,1980,her,stop,her,stop,10,,,,
her,her-her,all,1980,her,wears,her,wears,10,,,,
her,her-her,all,1980,her,hurt,her,hurt,9,,,,
her,her-her,all,1980,her,feel,her,feel,8,,,,
her,her-her,all,1980,her,packed,her,packed,8,,,,
her,her-her,all,1980,her,smiles,her,smiles,8,,,,
her,her-her,all,1980,her,watched,her,watched,8,,,,
her,her-,all,1980,,,,,,,,,
her,her-,all,1980,,,,,,,,,
her,her-,all,1980,,,,,,,,,
her,her-,all,1980,,,,,,,,,
he,he-walked,all,1990,he,he,walked,walked,71,,,,
he,he-lives,all,1990,he,he,lives,lives,58,,,,
he,he-left,all,1990,he,he,left,left,43,,,,
he,he-looked,all,1990,he,he,looked,looked,42,,,,
he,he-cried,all,1990,he,he,cried,cried,39,,,,
he,he-told,all,1990,he,he,told,told,38,,,,
he,he-loves,all,1990,he,he,loves,loves,35,,,,
he,he-takes,all,1990,he,he,takes,takes,31,,,,
he,he-stood,all,1990,he,he,stood,stood,30,,,,
he,he-likes,all,1990,he,he,likes,likes,29,,,,
he,he-died,all,1990,he,he,died,died,26,,,,
he,he-makes,all,1990,he,he,makes,makes,26,,,,
he,he-feels,all,1990,he,he,feels,feels,23,,,,
he,he-sings,all,1990,he,he,sings,sings,22,,,,
he,he-love,all,1990,he,he,love,love,21,,,,
he,he-walks,all,1990,he,he,walks,walks,21,,,,
he,he-dresses,all,1990,he,he,dresses,dresses,20,,,,
he,he-stands,all,1990,he,he,stands,stands,19,,,,
he,he-tells,all,1990,he,he,tells,tells,19,,,,
he,he-found,all,1990,he,he,found,found,18,,,,
he,he-lost,all,1990,he,he,lost,lost,18,,,,
he,he-decides,all,1990,he,he,decides,decides,17,,,,
he,he-calls,all,1990,he,he,calls,calls,16,,,,
he,he-kissed,all,1990,he,he,kissed,kissed,16,,,,
he,he-smiled,all,1990,he,he,smiled,smiled,16,,,,
he,he-,all,1990,,,,,,,,,
he,he-,all,1990,,,,,,,,,
he,he-,all,1990,,,,,,,,,
he,he-,all,1990,,,,,,,,,
he,he-,all,1990,,,,,,,,,
his,his-head,all,1990,his,his,head,head,109,,,,
his,his-eyes,all,1990,his,his,eyes,eyes,81,,,,
his,his-life,all,1990,his,his,life,life,73,,,,
his,his-heart,all,1990,his,his,heart,heart,72,,,,
his,his-hand,all,1990,his,his,hand,hand,67,,,,
his,his-hands,all,1990,his,his,hands,hands,61,,,,
his,his-love,all,1990,his,his,love,love,52,,,,
his,his-mind,all,1990,his,his,mind,mind,50,,,,
his,his-wife,all,1990,his,his,wife,wife,38,,,,
his,his-ass,all,1990,his,his,ass,ass,29,,,,
his,his-son,all,1990,his,his,son,son,29,,,,
his,his-hair,all,1990,his,his,hair,hair,28,,,,
his,his-knees,all,1990,his,his,knees,knees,28,,,,
his,his-body,all,1990,his,his,body,body,25,,,,
his,his-kingdom,all,1990,his,his,kingdom,kingdom,25,,,,
his,his-song,all,1990,his,his,song,song,24,,,,
his,his-soul,all,1990,his,his,soul,soul,24,,,,
his,his-money,all,1990,his,his,money,money,23,,,,
his,his-arms,all,1990,his,his,arms,arms,22,,,,
his,his-feet,all,1990,his,his,feet,feet,22,,,,
his,his-mother,all,1990,his,his,mother,mother,22,,,,
his,his-friends,all,1990,his,his,friends,friends,21,,,,
his,his-words,all,1990,his,his,words,words,21,,,,
his,his-blood,all,1990,his,his,blood,blood,19,,,,
his,his-eye,all,1990,his,his,eye,eye,19,,,,
his,his-fingers,all,1990,his,his,fingers,fingers,19,,,,
his,his-,all,1990,,,,,,,,,
his,his-,all,1990,,,,,,,,,
his,his-,all,1990,,,,,,,,,
his,his-,all,1990,,,,,,,,,
him,him-him,all,1990,him,love,him,love,56,,,,
him,him-him,all,1990,him,told,him,told,54,,,,
him,him-him,all,1990,him,call,him,call,53,,,,
him,him-him,all,1990,him,forget,him,forget,28,,,,
him,him-him,all,1990,him,leave,him,leave,26,,,,
him,him-him,all,1990,him,watch,him,watch,25,,,,
him,him-him,all,1990,him,hear,him,hear,21,,,,
him,him-him,all,1990,him,bring,him,bring,19,,,,
him,him-him,all,1990,him,hold,him,hold,19,,,,
him,him-him,all,1990,him,set,him,set,16,,,,
him,him-him,all,1990,him,called,him,called,15,,,,
him,him-him,all,1990,him,brought,him,brought,14,,,,
him,him-him,all,1990,him,teach,him,teach,14,,,,
him,him-him,all,1990,him,beat,him,beat,13,,,,
him,him-him,all,1990,him,caught,him,caught,13,,,,
him,him-him,all,1990,him,loved,him,loved,13,,,,
him,him-him,all,1990,him,makes,him,makes,13,,,,
him,him-him,all,1990,him,send,him,send,12,,,,
him,him-him,all,1990,him,tells,him,tells,12,,,,
him,him-him,all,1990,him,adore,him,adore,11,,,,
him,him-him,all,1990,him,left,him,left,11,,,,
him,him-him,all,1990,him,meet,him,meet,10,,,,
him,him-him,all,1990,him,miss,him,miss,10,,,,
him,him-him,all,1990,him,found,him,found,9,,,,
him,him-him,all,1990,him,kiss,him,kiss,9,,,,
him,him-,all,1990,,,,,,,,,
him,him-,all,1990,,,,,,,,,
him,him-,all,1990,,,,,,,,,
him,him-,all,1990,,,,,,,,,
him,him-,all,1990,,,,,,,,,
she,she-loves,all,1990,she,she,loves,loves,68,,,,
she,she-makes,all,1990,she,she,makes,makes,63,,,,
she,she-likes,all,1990,she,she,likes,likes,53,,,,
she,she-left,all,1990,she,she,left,left,49,,,,
she,she-told,all,1990,she,she,told,told,46,,,,
she,she-walks,all,1990,she,she,walks,walks,44,,,,
she,she-moves,all,1990,she,she,moves,moves,39,,,,
she,she-sang,all,1990,she,she,sang,sang,33,,,,
she,she-looked,all,1990,she,she,looked,looked,32,,,,
she,she-feels,all,1990,she,she,feels,feels,31,,,,
she,she-cries,all,1990,she,she,cries,cries,30,,,,
she,she-smiles,all,1990,she,she,smiles,smiles,27,,,,
she,she-stands,all,1990,she,she,stands,stands,27,,,,
she,she-sucks,all,1990,she,she,sucks,sucks,25,,,,
she,she-calls,all,1990,she,she,calls,calls,24,,,,
she,she-takes,all,1990,she,she,takes,takes,21,,,,
she,she-tells,all,1990,she,she,tells,tells,21,,,,
she,she-holds,all,1990,she,she,holds,holds,20,,,,
she,she-sits,all,1990,she,she,sits,sits,20,,,,
she,she-smiled,all,1990,she,she,smiled,smiled,20,,,,
she,she-brings,all,1990,she,she,brings,brings,19,,,,
she,she-fell,all,1990,she,she,fell,fell,19,,,,
she,she-sings,all,1990,she,she,sings,sings,19,,,,
she,she-talks,all,1990,she,she,talks,talks,19,,,,
she,she-called,all,1990,she,she,called,called,18,,,,
she,she-gotta,all,1990,she,she,gotta,gotta,18,,,,
she,she-,all,1990,,,,,,,,,
she,she-,all,1990,,,,,,,,,
she,she-,all,1990,,,,,,,,,
she,she-,all,1990,,,,,,,,,
hers,hers-eyes,all,1990,her,her,eyes,eyes,147,,,,
hers,hers-hair,all,1990,her,her,hair,hair,94,,,,
hers,hers-heart,all,1990,her,her,heart,heart,84,,,,
hers,hers-head,all,1990,her,her,head,head,74,,,,
hers,hers-love,all,1990,her,her,love,love,73,,,,
hers,hers-hand,all,1990,her,her,hand,hand,53,,,,
hers,hers-mind,all,1990,her,her,mind,mind,47,,,,
hers,hers-body,all,1990,her,her,body,body,45,,,,
hers,hers-life,all,1990,her,her,life,life,40,,,,
hers,hers-hands,all,1990,her,her,hands,hands,36,,,,
hers,hers-philosophy,all,1990,her,her,philosophy,philosophy,34,,,,
hers,hers-arms,all,1990,her,her,arms,arms,33,,,,
hers,hers-home,all,1990,her,her,home,home,26,,,,
hers,hers-time,all,1990,her,her,time,time,26,,,,
hers,hers-baby,all,1990,her,her,baby,baby,25,,,,
hers,hers-soul,all,1990,her,her,soul,soul,25,,,,
hers,hers-cry,all,1990,her,her,cry,cry,24,,,,
hers,hers-black,all,1990,her,her,black,black,23,,,,
hers,hers-feet,all,1990,her,her,feet,feet,23,,,,
hers,hers-dreams,all,1990,her,her,dreams,dreams,20,,,,
hers,hers-friend,all,1990,her,her,friend,friend,20,,,,
hers,hers-ass,all,1990,her,her,ass,ass,19,,,,
hers,hers-standing,all,1990,her,her,standing,standing,19,,,,
hers,hers-daddy,all,1990,her,her,daddy,daddy,17,,,,
hers,hers-neck,all,1990,her,her,neck,neck,17,,,,
hers,hers-,all,1990,,,,,,,,,
hers,hers-,all,1990,,,,,,,,,
hers,hers-,all,1990,,,,,,,,,
hers,hers-,all,1990,,,,,,,,,
hers,hers-,all,1990,,,,,,,,,
her,her-her,all,1990,her,love,her,love,97,,,,
her,her-her,all,1990,her,watch,her,watch,57,,,,
her,her-her,all,1990,her,told,her,told,50,,,,
her,her-her,all,1990,her,hear,her,hear,44,,,,
her,her-her,all,1990,her,hold,her,hold,42,,,,
her,her-her,all,1990,her,call,her,call,38,,,,
her,her-her,all,1990,her,inside,her,inside,31,,,,
her,her-her,all,1990,her,leave,her,leave,30,,,,
her,her-her,all,1990,her,fill,her,fill,27,,,,
her,her-her,all,1990,her,feel,her,feel,26,,,,
her,her-her,all,1990,her,miss,her,miss,26,,,,
her,her-her,all,1990,her,left,her,left,25,,,,
her,her-her,all,1990,her,held,her,held,22,,,,
her,her-her,all,1990,her,heard,her,heard,21,,,,
her,her-her,all,1990,her,loved,her,loved,21,,,,
her,her-her,all,1990,her,change,her,change,20,,,,
her,her-her,all,1990,her,steal,her,steal,19,,,,
her,her-her,all,1990,her,stuck,her,stuck,19,,,,
her,her-her,all,1990,her,lost,her,lost,18,,,,
her,her-her,all,1990,her,kiss,her,kiss,17,,,,
her,her-her,all,1990,her,makes,her,makes,17,,,,
her,her-her,all,1990,her,taught,her,taught,17,,,,
her,her-her,all,1990,her,loves,her,loves,16,,,,
her,her-her,all,1990,her,met,her,met,16,,,,
her,her-her,all,1990,her,burn,her,burn,15,,,,
her,her-her,all,1990,her,flip,her,flip,15,,,,
her,her-her,all,1990,her,forget,her,forget,15,,,,
her,her-,all,1990,,,,,,,,,
her,her-,all,1990,,,,,,,,,
her,her-,all,1990,,,,,,,,,
he,he-tastes,all,2000,he,he,tastes,tastes,96,,,,
he,he-loves,all,2000,he,he,loves,loves,70,,,,
he,he-takes,all,2000,he,he,takes,takes,62,,,,
he,he-left,all,2000,he,he,left,left,53,,,,
he,he-makes,all,2000,he,he,makes,makes,52,,,,
he,he-told,all,2000,he,he,told,told,50,,,,
he,he-walks,all,2000,he,he,walks,walks,48,,,,
he,he-plays,all,2000,he,he,plays,plays,46,,,,
he,he-stood,all,2000,he,he,stood,stood,36,,,,
he,he-talks,all,2000,he,he,talks,talks,34,,,,
he,he-died,all,2000,he,he,died,died,33,,,,
he,he-wrote,all,2000,he,he,wrote,wrote,30,,,,
he,he-found,all,2000,he,he,found,found,29,,,,
he,he-started,all,2000,he,he,started,started,29,,,,
he,he-looked,all,2000,he,he,looked,looked,28,,,,
he,he-played,all,2000,he,he,played,played,27,,,,
he,he-likes,all,2000,he,he,likes,likes,26,,,,
he,he-calls,all,2000,he,he,calls,calls,25,,,,
he,he-flew,all,2000,he,he,flew,flew,25,,,,
he,he-loved,all,2000,he,he,loved,loved,25,,,,
he,he-walked,all,2000,he,he,walked,walked,25,,,,
he,he-love,all,2000,he,he,love,love,22,,,,
he,he-ate,all,2000,he,he,ate,ate,21,,,,
he,he-stands,all,2000,he,he,stands,stands,21,,,,
he,he-sits,all,2000,he,he,sits,sits,20,,,,
he,he-tells,all,2000,he,he,tells,tells,20,,,,
he,he-,all,2000,,,,,,,,,
he,he-,all,2000,,,,,,,,,
he,he-,all,2000,,,,,,,,,
he,he-,all,2000,,,,,,,,,
his,his-life,all,2000,his,his,life,life,171,,,,
his,his-eyes,all,2000,his,his,eyes,eyes,157,,,,
his,his-heart,all,2000,his,his,heart,heart,109,,,,
his,his-head,all,2000,his,his,head,head,107,,,,
his,his-mind,all,2000,his,his,mind,mind,104,,,,
his,his-love,all,2000,his,his,love,love,90,,,,
his,his-hand,all,2000,his,his,hand,hand,80,,,,
his,his-hands,all,2000,his,his,hands,hands,62,,,,
his,his-arms,all,2000,his,his,arms,arms,59,,,,
his,his-soul,all,2000,his,his,soul,soul,45,,,,
his,his-wife,all,2000,his,his,wife,wife,43,,,,
his,his-friends,all,2000,his,his,friends,friends,39,,,,
his,his-eye,all,2000,his,his,eye,eye,34,,,,
his,his-ass,all,2000,his,his,ass,ass,31,,,,
his,his-feet,all,2000,his,his,feet,feet,31,,,,
his,his-holy,all,2000,his,his,holy,holy,31,,,,
his,his-kiss,all,2000,his,his,kiss,kiss,28,,,,
his,his-mouth,all,2000,his,his,mouth,mouth,28,,,,
his,his-blood,all,2000,his,his,blood,blood,24,,,,
his,his-tongue,all,2000,his,his,tongue,tongue,24,,,,
his,his-words,all,2000,his,his,words,words,24,,,,
his,his-glory,all,2000,his,his,glory,glory,23,,,,
his,his-hair,all,2000,his,his,hair,hair,23,,,,
his,his-knees,all,2000,his,his,knees,knees,23,,,,
his,his-son,all,2000,his,his,son,son,23,,,,
his,his-,all,2000,,,,,,,,,
his,his-,all,2000,,,,,,,,,
his,his-,all,2000,,,,,,,,,
his,his-,all,2000,,,,,,,,,
his,his-,all,2000,,,,,,,,,
him,him-him,all,2000,him,love,him,love,65,,,,
him,him-him,all,2000,him,bring,him,bring,64,,,,
him,him-him,all,2000,him,told,him,told,54,,,,
him,him-him,all,2000,him,hear,him,hear,52,,,,
him,him-him,all,2000,him,leave,him,leave,46,,,,
him,him-him,all,2000,him,send,him,send,42,,,,
him,him-him,all,2000,him,call,him,call,31,,,,
him,him-him,all,2000,him,loved,him,loved,29,,,,
him,him-him,all,2000,him,adore,him,adore,28,,,,
him,him-him,all,2000,him,watch,him,watch,28,,,,
him,him-him,all,2000,him,hurt,him,hurt,25,,,,
him,him-him,all,2000,him,heard,him,heard,24,,,,
him,him-him,all,2000,him,left,him,left,23,,,,
him,him-him,all,2000,him,found,him,found,21,,,,
him,him-him,all,2000,him,hold,him,hold,18,,,,
him,him-him,all,2000,him,met,him,met,17,,,,
him,him-him,all,2000,him,set,him,set,17,,,,
him,him-him,all,2000,him,catch,him,catch,16,,,,
him,him-him,all,2000,him,kill,him,kill,15,,,,
him,him-him,all,2000,him,kills,him,kills,15,,,,
him,him-him,all,2000,him,called,him,called,14,,,,
him,him-him,all,2000,him,pass,him,pass,14,,,,
him,him-him,all,2000,him,save,him,save,14,,,,
him,him-him,all,2000,him,teach,him,teach,14,,,,
him,him-him,all,2000,him,bout,him,bout,13,,,,
him,him-him,all,2000,him,meet,him,meet,13,,,,
him,him-,all,2000,,,,,,,,,
him,him-,all,2000,,,,,,,,,
him,him-,all,2000,,,,,,,,,
him,him-,all,2000,,,,,,,,,
she,she-loves,all,2000,she,she,loves,loves,99,,,,
she,she-left,all,2000,she,she,left,left,84,,,,
she,she-makes,all,2000,she,she,makes,makes,76,,,,
she,she-takes,all,2000,she,she,takes,takes,73,,,,
she,she-likes,all,2000,she,she,likes,likes,65,,,,
she,she-walks,all,2000,she,she,walks,walks,60,,,,
she,she-told,all,2000,she,she,told,told,55,,,,
she,she-cries,all,2000,she,she,cries,cries,46,,,,
she,she-called,all,2000,she,she,called,called,44,,,,
she,she-smiles,all,2000,she,she,smiles,smiles,43,,,,
she,she-moves,all,2000,she,she,moves,moves,42,,,,
she,she-gon,all,2000,she,she,gon,gon,34,,,,
she,she-real,all,2000,she,she,real,real,34,,,,
she,she-calls,all,2000,she,she,calls,calls,33,,,,
she,she-sits,all,2000,she,she,sits,sits,33,,,,
she,she-loved,all,2000,she,she,loved,loved,32,,,,
she,she-wakes,all,2000,she,she,wakes,wakes,31,,,,
she,she-fell,all,2000,she,she,fell,fell,29,,,,
she,she-drives,all,2000,she,she,drives,drives,27,,,,
she,she-walked,all,2000,she,she,walked,walked,27,,,,
she,she-broke,all,2000,she,she,broke,broke,26,,,,
she,she-cuts,all,2000,she,she,cuts,cuts,26,,,,
she,she-looked,all,2000,she,she,looked,looked,25,,,,
she,she-screams,all,2000,she,she,screams,screams,25,,,,
she,she-sings,all,2000,she,she,sings,sings,25,,,,
she,she-,all,2000,,,,,,,,,
she,she-,all,2000,,,,,,,,,
she,she-,all,2000,,,,,,,,,
she,she-,all,2000,,,,,,,,,
she,she-,all,2000,,,,,,,,,
hers,hers-eyes,all,2000,her,her,eyes,eyes,283,,,,
hers,hers-heart,all,2000,her,her,heart,heart,159,,,,
hers,hers-hand,all,2000,her,her,hand,hand,91,,,,
hers,hers-hair,all,2000,her,her,hair,hair,89,,,,
hers,hers-lips,all,2000,her,her,lips,lips,89,,,,
hers,hers-life,all,2000,her,her,life,life,77,,,,
hers,hers-mind,all,2000,her,her,mind,mind,77,,,,
hers,hers-head,all,2000,her,her,head,head,64,,,,
hers,hers-love,all,2000,her,her,love,love,64,,,,
hers,hers-skin,all,2000,her,her,skin,skin,58,,,,
hers,hers-body,all,2000,her,her,body,body,43,,,,
hers,hers-friends,all,2000,her,her,friends,friends,42,,,,
hers,hers-soul,all,2000,her,her,soul,soul,41,,,,
hers,hers-voice,all,2000,her,her,voice,voice,41,,,,
hers,hers-tonight,all,2000,her,her,tonight,tonight,38,,,,
hers,hers-arms,all,2000,her,her,arms,arms,33,,,,
hers,hers-hands,all,2000,her,her,hands,hands,33,,,,
hers,hers-smile,all,2000,her,her,smile,smile,33,,,,
hers,hers-feet,all,2000,her,her,feet,feet,32,,,,
hers,hers-feel,all,2000,her,her,feel,feel,29,,,,
hers,hers-finger,all,2000,her,her,finger,finger,29,,,,
hers,hers-legs,all,2000,her,her,legs,legs,29,,,,
hers,hers-home,all,2000,her,her,home,home,28,,,,
hers,hers-knees,all,2000,her,her,knees,knees,28,,,,
hers,hers-eye,all,2000,her,her,eye,eye,25,,,,
hers,hers-mouth,all,2000,her,her,mouth,mouth,25,,,,
hers,hers-spell,all,2000,her,her,spell,spell,25,,,,
hers,hers-,all,2000,,,,,,,,,
hers,hers-,all,2000,,,,,,,,,
hers,hers-,all,2000,,,,,,,,,
her,her-her,all,2000,her,love,her,love,152,,,,
her,her-her,all,2000,her,hear,her,hear,86,,,,
her,her-her,all,2000,her,told,her,told,74,,,,
her,her-her,all,2000,her,hold,her,hold,73,,,,
her,her-her,all,2000,her,inside,her,inside,58,,,,
her,her-her,all,2000,her,call,her,call,54,,,,
her,her-her,all,2000,her,met,her,met,48,,,,
her,her-her,all,2000,her,feel,her,feel,46,,,,
her,her-her,all,2000,her,miss,her,miss,44,,,,
her,her-her,all,2000,her,leave,her,leave,43,,,,
her,her-her,all,2000,her,loved,her,loved,43,,,,
her,her-her,all,2000,her,left,her,left,42,,,,
her,her-her,all,2000,her,forget,her,forget,38,,,,
her,her-her,all,2000,her,lost,her,lost,35,,,,
her,her-her,all,2000,her,save,her,save,34,,,,
her,her-her,all,2000,her,heard,her,heard,31,,,,
her,her-her,all,2000,her,sold,her,sold,30,,,,
her,her-her,all,2000,her,kiss,her,kiss,28,,,,
her,her-her,all,2000,her,touch,her,touch,28,,,,
her,her-her,all,2000,her,watch,her,watch,27,,,,
her,her-her,all,2000,her,laid,her,laid,25,,,,
her,her-her,all,2000,her,bring,her,bring,24,,,,
her,her-her,all,2000,her,watched,her,watched,24,,,,
her,her-her,all,2000,her,found,her,found,23,,,,
her,her-her,all,2000,her,kissed,her,kissed,23,,,,
her,her-her,all,2000,her,meet,her,meet,23,,,,
her,her-,all,2000,,,,,,,,,
her,her-,all,2000,,,,,,,,,
her,her-,all,2000,,,,,,,,,
her,her-,all,2000,,,,,,,,,
he,he-died,all,2010,he,he,died,died,8,,,,
he,he-left,all,2010,he,he,left,left,8,,,,
he,he-laid,all,2010,he,he,laid,laid,7,,,,
he,he-perdido,all,2010,he,he,perdido,perdido,3,,,,
he,he-romale,all,2010,he,he,romale,romale,3,,,,
he,he-fell,all,2010,he,he,fell,fell,2,,,,
he,he-leaves,all,2010,he,he,leaves,leaves,2,,,,
he,he-sang,all,2010,he,he,sang,sang,2,,,,
he,he-sleeps,all,2010,he,he,sleeps,sleeps,2,,,,
he,he-thanked,all,2010,he,he,thanked,thanked,2,,,,
he,he-believed,all,2010,he,he,believed,believed,1,,,,
he,he-berated,all,2010,he,he,berated,berated,1,,,,
he,he-brought,all,2010,he,he,brought,brought,1,,,,
he,he-built,all,2010,he,he,built,built,1,,,,
he,he-carries,all,2010,he,he,carries,carries,1,,,,
he,he-caws,all,2010,he,he,caws,caws,1,,,,
he,he-chavale,all,2010,he,he,chavale,chavale,1,,,,
he,he-choose,all,2010,he,he,choose,choose,1,,,,
he,he-cut,all,2010,he,he,cut,cut,1,,,,
he,he-dicho,all,2010,he,he,dicho,dicho,1,,,,
he,he-draws,all,2010,he,he,draws,draws,1,,,,
he,he-dresses,all,2010,he,he,dresses,dresses,1,,,,
he,he-drew,all,2010,he,he,drew,drew,1,,,,
he,he-drove,all,2010,he,he,drove,drove,1,,,,
he,he-fought,all,2010,he,he,fought,fought,1,,,,
he,he-ganado,all,2010,he,he,ganado,ganado,1,,,,
he,he-gonna,all,2010,he,he,gonna,gonna,1,,,,
he,he-ground,all,2010,he,he,ground,ground,1,,,,
he,he-heard,all,2010,he,he,heard,heard,1,,,,
he,he-helps,all,2010,he,he,helps,helps,1,,,,
his,his-home,all,2010,his,his,home,home,11,,,,
his,his-hat,all,2010,his,his,hat,hat,8,,,,
his,his-life,all,2010,his,his,life,life,5,,,,
his,his-head,all,2010,his,his,head,head,3,,,,
his,his-maker,all,2010,his,his,maker,maker,3,,,,
his,his-makers,all,2010,his,his,makers,makers,3,,,,
his,his-mind,all,2010,his,his,mind,mind,3,,,,
his,his-people,all,2010,his,his,people,people,3,,,,
his,his-screaming,all,2010,his,his,screaming,screaming,3,,,,
his,his-lies,all,2010,his,his,lies,lies,2,,,,
his,his-melody,all,2010,his,his,melody,melody,2,,,,
his,his-scaly,all,2010,his,his,scaly,scaly,2,,,,
his,his-song,all,2010,his,his,song,song,2,,,,
his,his-arm,all,2010,his,his,arm,arm,1,,,,
his,his-bible,all,2010,his,his,bible,bible,1,,,,
his,his-bill,all,2010,his,his,bill,bill,1,,,,
his,his-birthday,all,2010,his,his,birthday,birthday,1,,,,
his,his-boots,all,2010,his,his,boots,boots,1,,,,
his,his-breath,all,2010,his,his,breath,breath,1,,,,
his,his-calling,all,2010,his,his,calling,calling,1,,,,
his,his-drum,all,2010,his,his,drum,drum,1,,,,
his,his-eyes,all,2010,his,his,eyes,eyes,1,,,,
his,his-family,all,2010,his,his,family,family,1,,,,
his,his-favorite,all,2010,his,his,favorite,favorite,1,,,,
his,his-fist,all,2010,his,his,fist,fist,1,,,,
his,his-front,all,2010,his,his,front,front,1,,,,
his,his-guitar,all,2010,his,his,guitar,guitar,1,,,,
his,his-hair,all,2010,his,his,hair,hair,1,,,,
his,his-hands,all,2010,his,his,hands,hands,1,,,,
his,his-hay,all,2010,his,his,hay,hay,1,,,,
him,him-him,all,2010,him,hear,him,hear,9,,,,
him,him-him,all,2010,him,suffered,him,suffered,2,,,,
him,him-him,all,2010,him,ake,him,ake,1,,,,
him,him-him,all,2010,him,bleed,him,bleed,1,,,,
him,him-him,all,2010,him,carries,him,carries,1,,,,
him,him-him,all,2010,him,helps,him,helps,1,,,,
him,him-him,all,2010,him,hit,him,hit,1,,,,
him,him-him,all,2010,him,lifts,him,lifts,1,,,,
him,him-him,all,2010,him,miss,him,miss,1,,,,
him,him-him,all,2010,him,mom,him,mom,1,,,,
him,him-him,all,2010,him,named,him,named,1,,,,
him,him-him,all,2010,him,noticed,him,noticed,1,,,,
him,him-him,all,2010,him,raised,him,raised,1,,,,
him,him-him,all,2010,him,surprise,him,surprise,1,,,,
him,him-him,all,2010,him,taking,him,taking,1,,,,
him,him-him,all,2010,him,wake,him,wake,1,,,,
him,him-,all,2010,,,,,,,,,
him,him-,all,2010,,,,,,,,,
him,him-,all,2010,,,,,,,,,
him,him-,all,2010,,,,,,,,,
him,him-,all,2010,,,,,,,,,
him,him-,all,2010,,,,,,,,,
him,him-,all,2010,,,,,,,,,
him,him-,all,2010,,,,,,,,,
him,him-,all,2010,,,,,,,,,
him,him-,all,2010,,,,,,,,,
him,him-,all,2010,,,,,,,,,
him,him-,all,2010,,,,,,,,,
him,him-,all,2010,,,,,,,,,
him,him-,all,2010,,,,,,,,,
she,she-devil,all,2010,she,she,devil,devil,9,,,,
she,she-hit,all,2010,she,she,hit,hit,6,,,,
she,she-left,all,2010,she,she,left,left,5,,,,
she,she-found,all,2010,she,she,found,found,4,,,,
she,she-loved,all,2010,she,she,loved,loved,4,,,,
she,she-rolled,all,2010,she,she,rolled,rolled,3,,,,
she,she-would've,all,2010,she,she,would've,would've,3,,,,
she,she-cast,all,2010,she,she,cast,cast,2,,,,
she,she-chose,all,2010,she,she,chose,chose,2,,,,
she,she-danced,all,2010,she,she,danced,danced,2,,,,
she,she-feels,all,2010,she,she,feels,feels,2,,,,
she,she-holds,all,2010,she,she,holds,holds,2,,,,
she,she-lost,all,2010,she,she,lost,lost,2,,,,
she,she-makes,all,2010,she,she,makes,makes,2,,,,
she,she-pays,all,2010,she,she,pays,pays,2,,,,
she,she-repeats,all,2010,she,she,repeats,repeats,2,,,,
she,she-sings,all,2010,she,she,sings,sings,2,,,,
she,she-stands,all,2010,she,she,stands,stands,2,,,,
she,she-told,all,2010,she,she,told,told,2,,,,
she,she-aint,all,2010,she,she,aint,aint,1,,,,
she,she-bites,all,2010,she,she,bites,bites,1,,,,
she,she-cat,all,2010,she,she,cat,cat,1,,,,
she,she-comforts,all,2010,she,she,comforts,comforts,1,,,,
she,she-commits,all,2010,she,she,commits,commits,1,,,,
she,she-crazy,all,2010,she,she,crazy,crazy,1,,,,
she,she-devises,all,2010,she,she,devises,devises,1,,,,
she,she-didnt,all,2010,she,she,didnt,didnt,1,,,,
she,she-dies,all,2010,she,she,dies,dies,1,,,,
she,she-fed,all,2010,she,she,fed,fed,1,,,,
she,she-fucks,all,2010,she,she,fucks,fucks,1,,,,
hers,hers-cold,all,2010,her,her,cold,cold,9,,,,
hers,hers-ten,all,2010,her,her,ten,ten,6,,,,
hers,hers-finger,all,2010,her,her,finger,finger,4,,,,
hers,hers-walk,all,2010,her,her,walk,walk,4,,,,
hers,hers-body,all,2010,her,her,body,body,3,,,,
hers,hers-goodbye,all,2010,her,her,goodbye,goodbye,3,,,,
hers,hers-hair,all,2010,her,her,hair,hair,3,,,,
hers,hers-life,all,2010,her,her,life,life,3,,,,
hers,hers-muscles,all,2010,her,her,muscles,muscles,3,,,,
hers,hers-rule,all,2010,her,her,rule,rule,3,,,,
hers,hers-babe,all,2010,her,her,babe,babe,2,,,,
hers,hers-eyes,all,2010,her,her,eyes,eyes,2,,,,
hers,hers-gentle,all,2010,her,her,gentle,gentle,2,,,,
hers,hers-head,all,2010,her,her,head,head,2,,,,
hers,hers-icy,all,2010,her,her,icy,icy,2,,,,
hers,hers-living,all,2010,her,her,living,living,2,,,,
hers,hers-rifle,all,2010,her,her,rifle,rifle,2,,,,
hers,hers-touch,all,2010,her,her,touch,touch,2,,,,
hers,hers-wear,all,2010,her,her,wear,wear,2,,,,
hers,hers-wishing,all,2010,her,her,wishing,wishing,2,,,,
hers,hers-answers,all,2010,her,her,answers,answers,1,,,,
hers,hers-arms,all,2010,her,her,arms,arms,1,,,,
hers,hers-beautiful,all,2010,her,her,beautiful,beautiful,1,,,,
hers,hers-bedroom,all,2010,her,her,bedroom,bedroom,1,,,,
hers,hers-blood,all,2010,her,her,blood,blood,1,,,,
hers,hers-breast,all,2010,her,her,breast,breast,1,,,,
hers,hers-breasts,all,2010,her,her,breasts,breasts,1,,,,
hers,hers-breath,all,2010,her,her,breath,breath,1,,,,
hers,hers-bridegroom,all,2010,her,her,bridegroom,bridegroom,1,,,,
hers,hers-charge,all,2010,her,her,charge,charge,1,,,,
her,her-her,all,2010,her,loved,her,loved,5,,,,
her,her-her,all,2010,her,pulled,her,pulled,4,,,,
her,her-her,all,2010,her,break,her,break,3,,,,
her,her-her,all,2010,her,feel,her,feel,3,,,,
her,her-her,all,2010,her,hung,her,hung,3,,,,
her,her-her,all,2010,her,left,her,left,3,,,,
her,her-her,all,2010,her,met,her,met,3,,,,
her,her-her,all,2010,her,miss,her,miss,3,,,,
her,her-her,all,2010,her,ruined,her,ruined,3,,,,
her,her-her,all,2010,her,watched,her,watched,3,,,,
her,her-her,all,2010,her,17,her,17,2,,,,
her,her-her,all,2010,her,call,her,call,2,,,,
her,her-her,all,2010,her,cast,her,cast,2,,,,
her,her-her,all,2010,her,drove,her,drove,2,,,,
her,her-her,all,2010,her,killed,her,killed,2,,,,
her,her-her,all,2010,her,watch,her,watch,2,,,,
her,her-her,all,2010,her,ago,her,ago,1,,,,
her,her-her,all,2010,her,await,her,await,1,,,,
her,her-her,all,2010,her,berated,her,berated,1,,,,
her,her-her,all,2010,her,betrayed,her,betrayed,1,,,,
her,her-her,all,2010,her,bites,her,bites,1,,,,
her,her-her,all,2010,her,breaks,her,breaks,1,,,,
her,her-her,all,2010,her,breathe,her,breathe,1,,,,
her,her-her,all,2010,her,buried,her,buried,1,,,,
her,her-her,all,2010,her,called,her,called,1,,,,
her,her-her,all,2010,her,catch,her,catch,1,,,,
her,her-her,all,2010,her,cost,her,cost,1,,,,
her,her-her,all,2010,her,dead,her,dead,1,,,,
her,her-her,all,2010,her,delayed,her,delayed,1,,,,
her,her-her,all,2010,her,deliver,her,deliver,1,,,,